,Date,Close,log_return,SMA_10,price_bias,RSI_14,MACD_diff,bollinger_width,volume_bias
0,2023-01-03 05:00:00,109.64332580566406,0.016341647752205188,113.35574340820312,0.023495258102093963,70.64647073299194,0.0,10.468527550964751,0.2691131498470948
1,2023-01-04 05:00:00,111.44979858398438,0.016341647752205188,113.35574340820312,0.023495258102093963,70.64647073299194,0.11528487246262102,10.468527550964751,0.2691131498470948
2,2023-01-05 05:00:00,110.05872344970705,-0.012560179709927075,113.35574340820312,0.023495258102093963,70.64647073299194,0.09246185076084201,10.468527550964751,0.2691131498470948
3,2023-01-06 05:00:00,112.62832641601562,0.023079177929440885,113.35574340820312,0.023495258102093963,70.64647073299194,0.23682238135440956,10.468527550964751,0.2691131498470948
4,2023-01-09 05:00:00,112.77323150634766,0.001285750743075908,113.35574340820312,0.023495258102093963,70.64647073299194,0.3231243860650537,10.468527550964751,0.2691131498470948
5,2023-01-10 05:00:00,113.78754425048828,0.008954061157656873,113.35574340820312,0.023495258102093963,70.64647073299194,0.42325943737269545,10.468527550964751,0.2691131498470948
6,2023-01-11 05:00:00,115.29454803466795,0.013157078396723464,113.35574340820312,0.023495258102093963,70.64647073299194,0.5572932267266446,10.468527550964751,0.2691131498470948
7,2023-01-12 05:00:00,115.78721618652344,0.004264022303840268,113.35574340820312,0.023495258102093963,70.64647073299194,0.6395451012675853,10.468527550964751,0.2691131498470948
8,2023-01-13 05:00:00,116.11565399169922,0.0028325481657074203,113.35574340820312,0.023495258102093963,70.64647073299194,0.6730908459023672,10.468527550964751,0.2691131498470948
9,2023-01-17 05:00:00,116.0190658569336,-0.0008321731484428154,113.35574340820312,0.023495258102093963,70.64647073299194,0.645691735802008,10.468527550964751,0.2691131498470948
10,2023-01-18 05:00:00,114.3188705444336,-0.014762884635704503,113.82329788208008,0.004353877207695377,70.64647073299194,0.4777197522378891,10.468527550964751,-0.27382753403933435
11,2023-01-19 05:00:00,113.0630340576172,-0.011046167095159888,113.98462142944337,-0.008085190442963634,70.64647073299194,0.2577139060785276,10.468527550964751,-0.7045101088646968
12,2023-01-20 05:00:00,115.3138656616211,0.01971219059535399,114.51013565063477,0.007018854762677707,70.64647073299194,0.23982729612397913,10.468527550964751,0.3688760806916426
13,2023-01-23 05:00:00,116.9174575805664,0.013810517756923761,114.93904876708984,0.01721267780356848,70.64647073299194,0.30771081382190624,10.468527550964751,0.6293532338308457
14,2023-01-24 05:00:00,116.4924087524414,-0.003642085098209867,115.31096649169922,0.010245705995597867,70.64647073299194,0.2956303713274395,10.468527550964751,-0.3229166666666667
15,2023-01-25 05:00:00,116.6276626586914,0.0011603798901371257,115.59497833251953,0.008933643494454094,67.3574989066413,0.2691467546235846,10.468527550964751,1.958984375
16,2023-01-26 05:00:00,117.7482452392578,0.009562340509222033,115.84034805297851,0.016470057439802635,76.25331396054558,0.29729175650171014,10.468527550964751,0.2717291857273559
17,2023-01-27 05:00:00,118.30854034423828,0.004747130278793842,116.09248046875,0.019088746028514805,72.47711130580436,0.3217676848617681,10.468527550964751,0.2874493927125506
18,2023-01-30 05:00:00,116.82086944580078,-0.012654229442265129,116.16300201416016,0.00566331293298043,64.47827325689923,0.21123106085641408,10.468527550964751,0.8333333333333334
19,2023-01-31 05:00:00,118.8591766357422,0.017297671542196847,116.44701309204102,0.020714687991134493,66.90283632435803,0.24640394309696578,10.468527550964751,-0.8247078464106845
20,2023-02-01 05:00:00,120.4144515991211,0.013000152827216704,117.05657119750977,0.02868596241338359,67.00898763629735,0.33967330770616444,10.344964164722455,2.227326266195524
21,2023-02-02 05:00:00,122.22090911865234,0.014890582253125558,117.97235870361328,0.03601310054088914,69.65762215774924,0.4797227874832859,11.289260921197268,0.12579281183932348
22,2023-02-03 05:00:00,120.45310974121094,-0.014569591396518155,118.48628311157226,0.016599614554425834,62.18130924664389,0.4125574016959286,10.499933755820535,-0.7398373983739838
23,2023-02-06 05:00:00,119.4967269897461,-0.007971564632020535,118.74421005249023,0.006337293725085342,59.3167300694201,0.2698770847827241,10.15984212081176,-0.24986508364813814
24,2023-02-07 05:00:00,120.6559600830078,0.009654208837860294,119.16056518554687,0.012549410915703716,67.4839740148971,0.221743566267119,9.945831262045658,-0.32677369238736403
25,2023-02-08 05:00:00,119.40013885498048,-0.010462826729828206,119.43781280517578,-0.00031542732833488143,67.48403083491806,0.08076486466968369,9.566881224037644,-0.6217494089834515
26,2023-02-09 05:00:00,118.11531829833984,-0.010818942938016378,119.47452011108399,-0.01137649945344329,58.16438702172149,-0.1130518113473884,9.34532629142248,-0.47528981086028066
27,2023-02-10 05:00:00,118.1732940673828,0.0004907199684818375,119.46099548339843,-0.010779262392758053,54.022300363364415,-0.2438743232311582,9.185534958526745,0.8457300275482094
28,2023-02-13 05:00:00,119.6706085205078,0.012590898632618848,119.74596939086913,-0.000629339515515109,59.52515641155914,-0.23594431001517147,9.19449940203188,-0.46236559139784944
29,2023-02-14 05:00:00,119.63197326660156,-0.00032289876651895753,119.82324905395508,-0.0015963161478569914,59.056454932878296,-0.23894556378130627,9.121648392837699,-0.6328671328671329
30,2023-02-15 05:00:00,120.84917449951172,0.010123135546234565,119.86672134399414,0.008196212797863438,59.29357447001171,-0.16795183723704032,8.680298380870823,-0.29196499602227527
31,2023-02-16 05:00:00,119.23590850830078,-0.0134393211993327,119.56822128295899,-0.0027792733812756617,52.61434309768858,-0.23455210855789765,7.0501661324430245,0.2854757929883139
32,2023-02-17 05:00:00,118.57901000976562,-0.0055244656081652604,119.38081130981445,-0.006716333146438463,55.19994151157382,-0.3223346049933682,6.263085565688698,-0.8543273350471294
33,2023-02-21 05:00:00,115.82585906982422,-0.023491641293724476,119.01372451782227,-0.026785696027189436,41.39251506482511,-0.5518352740622015,6.624655051038673,-0.06525573192239859
34,2023-02-22 05:00:00,115.85482788085938,0.00025007532192177504,118.53361129760742,-0.02259935715636226,35.8343331928552,-0.6793252167132342,6.839151797863991,-0.5619047619047619
35,2023-02-23 05:00:00,116.2992172241211,0.0038284052800682563,118.22351913452148,-0.01627681128499319,29.901747030193604,-0.7081340914099967,6.9345526805437885,-0.7334649555774926
36,2023-02-24 05:00:00,114.98542022705078,-0.011360989149363001,117.91052932739258,-0.024807870145505725,30.85255262428076,-0.784170739628014,7.696186061662786,-0.7476340694006309
37,2023-02-27 05:00:00,115.1496353149414,0.0014271195266177203,117.60816345214843,-0.020904400383799326,33.88257271457951,-0.7897123124974119,8.322086386063546,-0.7007874015748031
38,2023-02-28 05:00:00,114.97576904296876,-0.0015110570303184727,117.13867950439453,-0.018464528288835835,27.27981826637746,-0.7705540879122149,8.792386274895307,0.266025641025641
39,2023-03-01 05:00:00,114.71493530273438,-0.00227117464851284,116.64697570800782,-0.01656314185212781,29.638991874813826,-0.7407126266065218,9.388094106797638,0.6268656716417911
40,2023-03-02 05:00:00,115.84518432617188,0.009804454293541095,116.14657669067383,-0.002594931104208352,40.00008065779115,-0.6152755721440246,9.384430365309385,-0.5090016366612111
41,2023-03-03 05:00:00,117.43911743164062,0.013665367947518466,115.9668975830078,0.012695173185770705,47.151421358745125,-0.40550309720407224,8.510007636035397,-0.501039501039501
42,2023-03-06 05:00:00,116.63731384277344,-0.006850811253923207,115.7727279663086,0.007467958055859664,37.55949900057954,-0.30583352969775635,8.173707928957327,-0.4117647058823529
43,2023-03-07 05:00:00,114.87915802001952,-0.01518846246635484,115.67805786132813,-0.0069062349081475015,32.91672768217306,-0.34073428382343335,8.302748199589928,0.28378378378378377
44,2023-03-08 05:00:00,115.13997650146484,0.002267799100874501,115.60657272338867,-0.004036070016886022,27.96415917528887,-0.3285287275274497,7.907318802569193,-0.17050691244239632
45,2023-03-09 05:00:00,112.2226104736328,-0.025664083001871743,115.19891204833985,-0.025836195167000652,25.40651287426769,-0.4895132110288226,8.693245819164673,5.0638297872340425
46,2023-03-10 05:00:00,109.50807189941406,-0.024486229643085326,114.65117721557617,-0.04485872226581359,22.202468738631538,-0.7365511097132079,10.699804662012411,-0.6650717703349283
47,2023-03-13 04:00:00,108.8415298461914,-0.006105292781087674,114.02036666870117,-0.04542027862055075,25.458236242189415,-0.8921983845981261,12.426119204654583,-0.706717123935667
48,2023-03-14 04:00:00,110.37750244140624,0.01401336110797219,113.56054000854492,-0.028029433171937842,32.59672686865001,-0.8398116596925957,12.77263299957417,-0.78
49,2023-03-15 04:00:00,108.80288696289062,-0.014368462187736995,112.96933517456054,-0.036881231576975364,27.777730031351297,-0.8563758160069334,13.373545580744548,-0.7058823529411765
50,2023-03-16 04:00:00,110.34851837158205,0.014105837329244782,112.41966857910157,-0.018423379411247814,36.440650740248316,-0.7142100078367679,12.658017862243582,-0.37697993664202745
51,2023-03-17 04:00:00,108.39715576171876,-0.0178418556836569,111.51547241210938,-0.027963085148101793,32.12276070187066,-0.7015500591911055,12.798298301608298,-0.726027397260274
52,2023-03-20 04:00:00,109.62399291992188,0.0112544137580014,110.81414031982422,-0.010740031881016462,36.5793984847325,-0.5663012709398223,12.449320421413063,-0.8081023454157783
53,2023-03-21 04:00:00,111.15998077392578,0.013914167856934207,110.44222259521484,0.006498947249021009,41.62113289627147,-0.3402861476113268,12.349141926776383,-0.17708333333333334
54,2023-03-22 04:00:00,108.71595001220705,-0.022231914310038948,109.79981994628906,-0.009871327062396053,34.17666388845335,-0.32244843917274313,12.636083069344267,-0.675392670157068
55,2023-03-23 04:00:00,108.44339752197266,-0.00251016257361282,109.42189865112304,-0.008942461620687158,28.78989732477413,-0.2967137879377424,12.706820596698549,0.6112531969309463
56,2023-03-24 04:00:00,109.23876190185548,0.007307607765665049,109.39496765136718,-0.0014279061721514815,32.55040042149257,-0.19855030834531417,12.727615769539824,-0.1282051282051282
57,2023-03-27 04:00:00,109.97593688964844,0.006725623515545609,109.50840835571289,0.0042693391398484284,37.850560045370784,-0.06339670887253646,12.496492206289133,0.09181141439205956
58,2023-03-28 04:00:00,110.1699447631836,0.0017625396605477751,109.48765258789062,0.006231681465133845,37.644103943753635,0.05333744373726468,12.192050247835681,0.45739910313901344
59,2023-03-29 04:00:00,111.89652252197266,0.015550412203187385,109.79701614379883,0.019121707054626593,49.13829984125253,0.25009070961438207,11.826012583812599,-0.08893709327548807
60,2023-03-30 04:00:00,112.34269714355467,0.003979457394225474,109.99643402099609,0.02133035623782793,58.51094047793576,0.40440192986625223,11.1061896635224,-0.3706293706293706
61,2023-03-31 04:00:00,114.32144165039062,0.01746014862857778,110.58886260986328,0.03375185305680535,65.25160391096497,0.6209053649204173,9.919936957503978,-0.056179775280898875
62,2023-04-03 04:00:00,114.14684295654295,-0.0015284285793799631,111.0411476135254,0.027968869286427188,61.3509322121515,0.7262037061405744,8.940935970201991,2.569277108433735
63,2023-04-04 04:00:00,112.89557647705078,-0.011022426126561102,111.21470718383789,0.015113732129280499,62.56944467224926,0.6859153479724405,8.359839549824926,-0.36
64,2023-04-05 04:00:00,112.30388641357422,-0.005254820925558785,111.57350082397461,0.006546228129490253,56.37909697947786,0.5970173355742537,7.465078290519472,0.1210762331838565
65,2023-04-06 04:00:00,112.40089416503906,0.0008634240646030919,111.96925048828125,0.003855019792268694,64.85946345120972,0.5249022766909917,7.4976007817707,0.022222222222222223
66,2023-04-10 04:00:00,113.16716766357422,0.006794192759267723,112.36209106445312,0.007165019727688103,63.61560116263456,0.5086014564679977,7.720556647507522,1.986870897155361
67,2023-04-11 04:00:00,113.9140625,0.006578241004478333,112.75590362548829,0.010271381251650164,61.26657216033119,0.525742529125169,7.923947531364831,-0.11949685534591195
68,2023-04-12 04:00:00,113.28356170654295,-0.005550255327042243,113.06726531982422,0.001912988574605732,71.94104548393082,0.47384532418710795,8.114893759913855,-0.42735949098621423
69,2023-04-13 04:00:00,114.26323699951172,0.008610811945404872,113.30393676757812,0.008466609892835604,76.17787356124606,0.48307448841285194,8.182098559570761,0.2097560975609756
70,2023-04-14 04:00:00,113.54546356201172,-0.006301566278596227,113.42421340942383,0.0010689970769311643,69.50788626090313,0.42070443167292404,8.285612000350625,-0.5411089866156787
71,2023-04-17 04:00:00,114.38933563232422,0.007404537866843178,113.43100280761719,0.008448596953095735,69.79980216387534,0.41542860929549214,7.996220653103819,-0.6353166986564299
72,2023-04-18 04:00:00,114.44754791259766,0.0005087665993989709,113.46107330322266,0.00869438813379333,69.42729274860945,0.3951290960553276,7.94794296795294,-0.6407185628742516
73,2023-04-19 04:00:00,114.41844177246094,-0.0002543509442681526,113.61335983276368,0.007086155544403603,63.541537793472386,0.3600041217319355,8.104060948033634,-0.26573426573426573
74,2023-04-20 04:00:00,113.81704711914062,-0.005269960846951475,113.76467590332031,0.00046034689946131905,57.78677691278634,0.2800855066579422,7.39738691471473,-0.38848920863309355
75,2023-04-21 04:00:00,113.7976531982422,-0.00017041009142480204,113.90435180664062,-0.0009367386469969542,46.5116397234271,0.21278412677810524,6.288862398256441,-0.732824427480916
76,2023-04-24 04:00:00,113.88495635986328,0.0007668847969476747,113.97613067626953,-0.0007999421972414426,48.235352179000344,0.16324321550089405,5.280312896345038,-0.5708955223880597
77,2023-04-25 04:00:00,111.62491607666016,-0.020044496753431,113.74721603393554,-0.01865803868678612,42.462690890132734,-0.02274280083723071,4.603133459835902,-0.5358649789029536
78,2023-04-26 04:00:00,110.7422332763672,-0.007939009327510035,113.49308319091797,-0.024238040215396144,41.04570131193875,-0.19654869909822595,4.298909270154354,-0.4594594594594595
79,2023-04-27 04:00:00,112.52699279785156,0.015987850809304895,113.31945877075195,-0.006993202945873276,50.605784272186554,-0.18293123134194186,4.162858621505308,0.6010498687664042
80,2023-04-28 04:00:00,113.4872589111328,0.008497445485326017,113.31363830566406,0.0015322127862526054,51.50959730398976,-0.10475458478678294,4.063186336339527,-0.3277310924369748
81,2023-05-01 04:00:00,113.50666046142578,0.00017094334856060056,113.22537078857422,0.002484334305045546,47.9370757694581,-0.050016666163157225,3.9665445516983198,-0.49404761904761907
82,2023-05-02 04:00:00,111.7413101196289,-0.01567504900218699,112.95474700927734,-0.010742681664797771,42.995643803681524,-0.12662383841558078,4.128682995940181,-0.32926829268292684
83,2023-05-03 04:00:00,111.1399154663086,-0.005396561431022647,112.62689437866212,-0.013202698347999899,35.31024386042965,-0.20697016032805626,4.520557494951362,-0.07534246575342465
84,2023-05-04 04:00:00,110.28633880615234,-0.007709843542505109,112.27382354736328,-0.01770212039115693,34.86486869517147,-0.3010701615193977,5.144453726342306,1.994186046511628
85,2023-05-05 04:00:00,112.19718933105467,0.017177878545951254,112.11377716064453,0.0007439957204423074,40.737722515603615,-0.22175234033155078,5.168244114254122,-0.5
86,2023-05-08 04:00:00,112.15838623046876,-0.0003459071687939344,111.94112014770508,0.0019408960932051232,40.3119222331932,-0.16181448018390004,5.220751081682039,-0.21511627906976744
87,2023-05-09 04:00:00,111.85770416259766,-0.0026844701013449285,111.96439895629882,-0.0009529349926918339,39.40609409749109,-0.13350934179863477,5.227822273197631,0.12947658402203857
88,2023-05-10 04:00:00,112.03229522705078,0.0015596149923505593,112.0934051513672,-0.0005451696666176849,42.34609643752927,-0.09587966693618946,5.261293792678856,-0.015957446808510637
89,2023-05-11 04:00:00,111.576416015625,-0.004077478381824285,111.99834747314453,-0.0037673007418319872,40.817980663457256,-0.09439477395019757,5.177301161389863,4.2272727272727275
90,2023-05-12 04:00:00,111.39210510253906,-0.001653246423682441,111.78883209228516,-0.003548896453436323,39.7771863836401,-0.09809657139662559,5.224817004120382,0.1297071129707113
91,2023-05-15 04:00:00,112.294189453125,0.008065663949527834,111.66758499145507,0.0056113370922983245,53.088583546285285,-0.03530044194493592,4.93197505432218,-0.5759233926128591
92,2023-05-16 04:00:00,110.55795288085938,-0.015582275178946446,111.54924926757812,-0.00888662535362186,49.2116809856957,-0.10240759791388054,4.8289475195387865,-0.6200814111261872
93,2023-05-17 04:00:00,112.10990142822266,0.013939808986748577,111.64624786376953,0.004152880847539757,48.17949501791233,-0.03734004836912774,4.377092746126635,-0.6598639455782312
94,2023-05-18 04:00:00,113.14776611328124,0.009214976259265699,111.93239059448243,0.01085812169599743,48.5281645883637,0.07443857190060327,4.197980587966242,-0.3353028064992615
95,2023-05-19 04:00:00,112.84707641601562,-0.0026610330690269475,111.99737930297852,0.007586758889585125,47.20852634032904,0.12404209224139551,3.9538586302227827,-0.6916299559471366
96,2023-05-22 04:00:00,113.20597076416016,0.003175313530791765,112.10213775634766,0.009846672239307888,57.036356119316366,0.17388556182651158,3.729587280863882,-0.6176470588235294
97,2023-05-23 04:00:00,111.94501495361328,-0.0112010968130792,112.11086883544922,-0.0014793737980870999,53.63726732394795,0.11749517668011061,3.711861863508261,0.14958448753462603
98,2023-05-24 04:00:00,110.81013488769533,-0.010189572595851288,111.98865280151367,-0.010523547558939922,52.30774195239918,0.005253610861633867,3.692352122110975,-0.48753462603878117
99,2023-05-25 04:00:00,110.77133178710938,-0.00035023778445837607,111.90814437866212,-0.010158443765327055,42.476974849450976,-0.06617340738432279,3.829150414784067,-0.4014962593516209
100,2023-05-26 04:00:00,111.95470428466795,0.010626361011937683,111.964404296875,-8.663478601045919e-05,49.04115315905487,-0.03012712156753139,3.547092113286368,-0.16905444126074498
101,2023-05-30 04:00:00,111.7995147705078,-0.001387142907960765,111.91493682861328,-0.0010313373833399705,49.72226490836957,-0.013963491393087668,3.1979139907743956,-0.3805309734513274
102,2023-05-31 04:00:00,111.0235366821289,-0.006964999539210833,111.96149520874023,-0.008377509829273018,45.44664356124679,-0.050694699697057755,3.270962770933039,1.3774509803921569
103,2023-06-01 04:00:00,112.0031967163086,0.008785191981764678,111.95082473754883,0.00046781235316973793,51.83943430958162,-0.006497590415219273,3.2249898152245464,-0.4567901234567901
104,2023-06-02 04:00:00,114.45723724365234,0.021673866383325878,112.08177185058594,0.021194038547437434,61.049026785336174,0.1802132629614811,3.700673501341214,-0.09090909090909091
105,2023-06-05 04:00:00,114.02075958251952,-0.003820745963940441,112.19914016723632,0.016235591579115614,56.440027114106314,0.261584418237016,4.115724194445875,-0.28217821782178215
106,2023-06-06 04:00:00,114.9616241455078,0.008217836172385659,112.3747055053711,0.02302047091917012,67.46155540281515,0.3599676403114204,4.84866699980185,0.25
107,2023-06-07 04:00:00,115.5611343383789,0.005201321972690571,112.73631744384765,0.025056849102227007,64.80303417041361,0.4412514077040636,5.6663230856480595,2.156862745098039
108,2023-06-08 04:00:00,115.6779327392578,0.0010101961773818333,113.22309722900391,0.02168140220796787,61.78343722729614,0.4757452986955897,6.351155656888864,0.1588785046728972
109,2023-06-09 04:00:00,115.39569854736328,-0.002442808646502452,113.6855339050293,0.01504293979709518,61.88982655708883,0.45255432723818434,6.736819967714354,-0.1741472172351885
110,2023-06-12 04:00:00,116.32024383544922,0.007980030936980735,114.12208786010743,0.01926144199216127,63.8003524179033,0.47040569488567174,7.29072419979974,1.3919308357348703
111,2023-06-13 04:00:00,117.4589385986328,0.009741703744244339,114.68803024291992,0.024160397121162816,74.7016373630205,0.5256401768484023,8.244918353543625,-0.38633193863319387
112,2023-06-14 04:00:00,117.2350845336914,-0.0019076253399053645,115.30918502807617,0.01670204767422738,81.34114780076686,0.5132574644799466,8.531883627686568,-0.07759882869692533
113,2023-06-15 04:00:00,118.7436065673828,0.012785413598455145,115.9832260131836,0.023799825622072578,84.01216042913049,0.5685291047967078,9.537023860093711,-0.06721536351165981
114,2023-06-16 04:00:00,118.33483123779295,-0.0034484429580543935,116.37098541259763,0.01687573425826406,79.14592339896376,0.5396545205766854,10.262660523472022,-0.09448818897637795
115,2023-06-20 04:00:00,117.22535705566406,-0.009419948203412867,116.69144515991209,0.00457541591862459,72.79875000160308,0.4136054207960078,10.511268885472845,-0.7733333333333333
116,2023-06-21 04:00:00,116.8458023071289,-0.0032430743046965266,116.8798629760742,-0.0002914160581473242,75.30758322820797,0.278895981951204,10.65308070984122,-0.5867768595041323
117,2023-06-22 04:00:00,116.35918426513672,-0.004173313404756629,116.95966796874998,-0.005134109168074119,69.78202450561233,0.1383519121138952,10.446770031386222,-0.277504105090312
118,2023-06-23 04:00:00,115.45407104492188,-0.007809025575777636,116.93728179931638,-0.0126838141914393,55.268100287320905,-0.02550435560153419,9.73685544799389,-0.5130434782608696
119,2023-06-26 04:00:00,116.00882720947266,0.0047934872584553525,116.99859466552732,-0.008459652518769028,60.37687761831201,-0.10215905780126522,8.87371472847002,-0.1681109185441941
120,2023-06-27 04:00:00,117.6146469116211,0.013747291432656367,117.12803497314451,0.004154530028512449,62.94881276080142,-0.052829881304824244,8.49003215060506,-0.2986425339366516
121,2023-06-28 04:00:00,117.54652404785156,-0.0005793717168286251,117.13679351806638,0.0034978807040845364,60.220393421659416,-0.03382906123543461,7.840600017204196,-0.2558139534883721
122,2023-06-29 04:00:00,118.5197525024414,0.008245429908260904,117.26526031494139,0.01069790135740805,63.44372973874318,0.031700189822585934,6.686296092460424,-0.6578947368421053
123,2023-06-30 04:00:00,119.45404815673828,0.00785212869743807,117.33630447387695,0.018048494814602013,68.08312165829948,0.12040055689088769,5.946369471057665,1.676056338028169
124,2023-07-03 04:00:00,119.93093872070312,0.003984303285337559,117.49591522216797,0.02072432470465784,66.75695561253801,0.1895093692562244,6.246889342926096,0.20689655172413793
125,2023-07-05 04:00:00,119.32752990722656,-0.0050440019637458975,117.70613250732421,0.01377496112873693,59.125376684461486,0.17334166386580963,5.959888068614788,-0.2619047619047619
126,2023-07-06 04:00:00,118.20832061767578,-0.009423567596657554,117.8423843383789,0.0031053027427390308,54.37064182966408,0.07125956496474561,5.6320520563006085,-0.15492957746478872
127,2023-07-07 04:00:00,118.67546844482422,0.0039441148301283604,118.07401275634766,0.005093887083499907,49.66242904433144,0.021754491162048417,5.480691399694251,0.11627906976744186
128,2023-07-10 04:00:00,119.9990692138672,0.01109137447971993,118.52851257324218,0.012406775455958925,57.5597421851879,0.062406058912409135,5.620741058944191,0.39186295503211993
129,2023-07-11 04:00:00,121.4783706665039,0.012252241526717212,119.07546691894531,0.02017967100808644,68.69116794023665,0.1672292584588666,6.103148181183457,-0.12854030501089325
130,2023-07-12 04:00:00,122.08177947998048,0.004954916045560136,119.52218017578127,0.021415266191051798,72.56707414919282,0.2505004169783709,6.866263268573334,0.04602510460251046
131,2023-07-13 04:00:00,122.96739959716795,0.007228132543470399,120.06426773071288,0.024179815704755577,77.5344056091665,0.3333370869703587,7.961424643095256,0.7863720073664825
132,2023-07-14 04:00:00,122.02336883544922,-0.007706702094741015,120.41462936401368,0.013360000192105549,77.28376284494811,0.29403520550658757,8.409209505505544,-0.706959706959707
133,2023-07-17 04:00:00,122.66570281982422,0.005250217801002131,120.73579483032226,0.01598455530287583,77.44782104824742,0.2808074421247386,9.07660179691581,-0.391304347826087
134,2023-07-18 04:00:00,123.51242065429688,0.0068789310877009225,121.09394302368165,0.019971912469166693,75.94180156610655,0.29701913490455256,9.885136101182184,-0.25675675675675674
135,2023-07-19 04:00:00,124.03795623779295,0.004245894347701791,121.56498565673829,0.0203427867629382,77.4485431556155,0.3096589971390986,10.54035861688564,0.19402985074626866
136,2023-07-20 04:00:00,123.58055114746094,-0.003694437991870658,122.10220870971679,0.01210741765743752,72.3752783716449,0.2559627497538963,10.75830664296123,2.4393939393939394
137,2023-07-21 04:00:00,123.69731903076172,0.0009444265424625503,122.60439376831054,0.00891424221318292,70.22265596025395,0.1995621469416773,10.684821740417334,0.8617021276595744
138,2023-07-24 04:00:00,123.76545715332033,0.0005506939292551493,122.98103256225586,0.0063784192954094,69.01547425371737,0.14086483911412717,10.052165958624386,-0.7308781869688386
139,2023-07-25 04:00:00,123.97956848144533,0.0017284817798772145,123.23115234375003,0.006073270625658147,73.99608350570334,0.09279962044341583,9.389393728129676,-0.19889502762430938
140,2023-07-26 04:00:00,124.12554931640624,0.00117676614736962,123.43552932739257,0.005590124600053345,83.92867298184296,0.049358609450223856,9.12524922623902,-0.6285714285714286
141,2023-07-27 04:00:00,123.02579498291016,-0.00889949917191385,123.4413688659668,-0.0033665689782480445,73.25704515457514,-0.06851919461892031,8.426125276863814,-0.4811320754716981
142,2023-07-28 04:00:00,124.01850128173828,0.008036709666781472,123.6408821105957,0.0030541610889253177,72.27618948555924,-0.0931810709446994,8.077561008213593,-0.672386895475819
143,2023-07-31 04:00:00,124.4661865234375,0.0036033264668937927,123.82093048095703,0.005211203307664575,68.69676145407553,-0.09269378543288354,7.9761064370148915,-0.7301587301587301
144,2023-08-01 04:00:00,124.08661651611328,-0.0030542427825995355,123.87835006713867,0.0016812174916903358,62.907190122913526,-0.1290512662997556,7.810524626706808,1.6658476658476657
145,2023-08-02 04:00:00,122.44186401367188,-0.013343504188455946,123.71874084472657,-0.010320803641683031,46.91785694789854,-0.26704327090722124,7.224679823216832,-0.5586380832282472
146,2023-08-03 04:00:00,122.04283142089844,-0.003264277515520312,123.56496887207031,-0.01231851927828976,50.12193851163316,-0.3813964770670042,5.943602556292973,1.6683937823834196
147,2023-08-04 04:00:00,121.56595611572266,-0.003915096159918175,123.35183258056641,-0.014477907846868183,42.96390232854186,-0.4790372186237315,4.665600457796444,-0.19941775836972345
148,2023-08-07 04:00:00,122.54891204833984,0.008053268139559087,123.23017807006836,-0.005528402477363559,43.94116614164989,-0.46682958024093835,3.76507172799262,-0.48863636363636365
149,2023-08-08 04:00:00,121.74113464355467,-0.006613289078075067,123.00633468627927,-0.010285649482617478,36.05199488872596,-0.49962746907514055,3.675713343422501,-0.6130952380952381
150,2023-08-09 04:00:00,121.3031768798828,-0.003603937363982483,122.72409744262696,-0.011578170810410177,36.13735029731541,-0.5341748533423731,3.9186284537790073,-0.8475609756097561
151,2023-08-10 04:00:00,121.14747619628906,-0.0012843908896319179,122.53626556396485,-0.011333700772452753,34.552021424801,-0.5487772764937136,4.28367940522341,-0.8575949367088608
152,2023-08-11 04:00:00,120.99176025390624,-0.0012861687856250662,122.23359146118165,-0.010159492103852526,33.37227043877857,-0.5488633006256841,4.56932125323965,-0.8231511254019293
153,2023-08-14 04:00:00,121.23505401611328,0.0020088101703703925,121.91047821044921,-0.005540329299422268,33.60457813336045,-0.5131313798813046,4.813560672358733,-0.33641975308641975
154,2023-08-15 04:00:00,119.39566040039062,-0.015288401130596103,121.44138259887696,-0.01684534674019142,26.49901440485226,-0.588565304238378,5.678427305300971,-0.4104803493449782
155,2023-08-16 04:00:00,118.66574096679688,-0.0061322139307546444,121.06377029418945,-0.019807984846046657,27.510045060113,-0.6575759459489565,6.547077007583141,-0.7465437788018433
156,2023-08-17 04:00:00,117.42974090576172,-0.010470436309120222,120.60246124267579,-0.026307260268345047,16.846102698527602,-0.7497410814151468,7.798074717846447,0.8279569892473119
157,2023-08-18 04:00:00,117.66332244873048,0.0019871417429200983,120.21219787597656,-0.021203134725776826,15.014937014998438,-0.7560934799549571,8.575487015482082,-0.3333333333333333
158,2023-08-21 04:00:00,117.90662384033205,0.002065641071330403,119.74796905517579,-0.015376838783756844,17.76639686746435,-0.7059835262147669,9.023751396073436,0.013215859030837005
159,2023-08-22 04:00:00,117.32267761230467,-0.0049649208152639625,119.30612335205078,-0.016624844425573302,19.97703696279396,-0.6742948417222815,9.431701815115701,1.2988505747126438
160,2023-08-23 04:00:00,118.51001739501952,0.010069424979612591,119.02680740356445,-0.004341795094887627,31.034434739300494,-0.5412372356205272,9.279078877159094,4.672413793103448
161,2023-08-24 04:00:00,117.10856628417967,-0.011896070473621786,118.62291641235352,-0.01276608410899042,28.231861033012265,-0.5155956506736394,9.627157977983387,-0.8618307426597582
162,2023-08-25 04:00:00,117.81903076171876,0.00604838811941758,118.30564346313477,-0.004113182492157617,26.269537903744094,-0.4226718552335289,9.355347236092456,-0.265905383360522
163,2023-08-28 04:00:00,118.6268081665039,0.00683268989700791,118.04481887817383,0.004930240004270839,34.37499760764287,-0.2852744543036104,8.574906267727357,-0.5317725752508361
164,2023-08-29 04:00:00,120.26183319091795,0.01368880953432607,118.13143615722656,0.018034124556447036,45.33569810237539,-0.07376124917490712,7.665721542031406,-0.3760262725779967
165,2023-08-30 04:00:00,120.73870086669922,0.003957404492897547,118.3387321472168,0.020280500525362954,48.220251773636264,0.09937565492623479,7.312097232436059,-0.07435508345978756
166,2023-08-31 04:00:00,120.39807891845705,-0.0028251366307443424,118.63556594848633,0.014856531056934722,47.45615658162902,0.18698613918809348,7.010313906413074,0.6137931034482759
167,2023-09-01 04:00:00,121.16693878173828,0.006365677173798945,118.98592758178711,0.01832999283425357,49.72071443050519,0.2867759920873144,6.925566454809001,0.4268440145102781
168,2023-09-05 04:00:00,119.7265625,-0.011958757209660236,119.16792144775391,0.004687847580617656,51.40265862215277,0.24732657821948606,6.349337889422969,-0.5714285714285714
169,2023-09-06 04:00:00,119.36647033691406,-0.003012153311830107,119.37230072021484,-4.8842011635855424e-05,53.06646011258086,0.19105019432788622,5.974432976174597,-0.6894409937888198
170,2023-09-07 04:00:00,118.8993148803711,-0.003921302042778746,119.41123046875,-0.004286997013341057,56.8949668388678,0.11990912134646148,5.689056539771741,-0.3700787401574803
171,2023-09-08 04:00:00,118.91877746582033,0.00016367623926900697,119.59225158691406,-0.005631419361682336,56.011137160813014,0.0739620112899686,5.39447770311358,-0.5969289827255279
172,2023-09-11 04:00:00,119.24967193603516,0.0027786609347093525,119.73531570434571,-0.00405597768255541,56.377043859293146,0.06592089347917979,5.099022651061347,-0.7741273100616016
173,2023-09-12 04:00:00,119.05502319335938,-0.0016336126810945783,119.77813720703125,-0.00603711186810331,58.541264484210956,0.04837085879728925,4.655207802051251,-0.07114624505928854
174,2023-09-13 04:00:00,118.49055480957033,-0.0047525148729475565,119.60100936889648,-0.00928465875986949,49.897760838112795,0.002069548555622913,4.646315812844449,2.7349397590361444
175,2023-09-14 04:00:00,119.6876220703125,0.01005194813293884,119.49590148925782,0.0016044113535719608,63.84537376226283,0.05258705963575361,4.698787252105319,1.2222222222222223
176,2023-09-15 04:00:00,118.5197525024414,-0.009805564814424761,119.30806884765624,-0.006607401769459821,53.585653170967426,0.010095920796458213,4.5053519961950315,-0.1507177033492823
177,2023-09-18 04:00:00,118.2569808959961,-0.002219573777816965,119.01707305908204,-0.00638641283598548,47.9957727401277,-0.03072555544549771,4.38997126460518,1.8271728271728271
178,2023-09-19 04:00:00,118.05260467529295,-0.0017297332325006203,118.84967727661133,-0.006706560922864483,35.830162383927544,-0.06456390342747065,4.3611589060512586,3.383003492433062
179,2023-09-20 04:00:00,117.37134552001952,-0.005787525494304423,118.65016479492188,-0.010778065728882099,28.95382837131835,-0.12253790038828449,4.345502906499007,-0.7974537037037037
180,2023-09-21 04:00:00,115.25943756103516,-0.018157235708549213,118.28617706298829,-0.025588277321206932,23.70519359241416,-0.2836219375601475,5.484559690646137,-0.7191977077363897
181,2023-09-22 04:00:00,114.91881561279295,-0.0029596383861997984,117.88618087768555,-0.02517144285106177,16.5624423282012,-0.3872032920305901,6.350907840826721,-0.8627002288329519
182,2023-09-25 04:00:00,115.3470230102539,0.003719248097161224,117.49591598510742,-0.018289086534087548,23.714781557510292,-0.399365765891479,7.0038397614563905,-0.8525241066364152
183,2023-09-26 04:00:00,113.7375717163086,-0.014051383741483299,116.96417083740235,-0.027586218052870308,20.622111650079518,-0.4827194614664829,8.251382589851204,-0.40273972602739727
184,2023-09-27 04:00:00,114.09935760498048,0.003175834521895659,116.52505111694336,-0.020816927250505775,24.66985538055218,-0.47942493002928666,8.879359046752398,-0.7293895531780994
185,2023-09-28 04:00:00,115.13582611083984,0.009042901286521212,116.06987152099609,-0.00804726840752368,31.971864067348136,-0.37784429849734047,8.871754505230399,-0.8029556650246306
186,2023-09-29 04:00:00,114.77404022216795,-0.0031472001881639212,115.69530029296875,-0.00796281325574974,28.73342372193177,-0.3083570133985776,8.901719161417986,-0.7192224622030238
187,2023-10-02 04:00:00,113.53223419189452,-0.01087852955388447,115.22282562255859,-0.014672365666521922,26.132834987269845,-0.31808587594161963,8.873673870276747,-0.5262704565030146
188,2023-10-03 04:00:00,111.9090805053711,-0.014400037871047863,114.60847320556641,-0.023553168668023157,23.94204611154707,-0.40056761657481266,9.659870330158128,-0.4444444444444444
189,2023-10-04 04:00:00,112.71087646484376,0.007139164086371441,114.14242630004883,-0.012541785570966513,21.484522631994665,-0.3686580266912596,9.959265333042595,-0.04328018223234624
190,2023-10-05 04:00:00,112.31976318359376,-0.003476092639532148,113.84845886230468,-0.013427460450385332,22.94118313003179,-0.34201135507266445,10.299637495944353,-0.42028985507246375
191,2023-10-06 04:00:00,113.5517807006836,0.01090911864590142,113.71175537109374,-0.0014068437329815167,31.066736744382567,-0.21569631254010924,10.166192936646127,-0.06976744186046512
192,2023-10-09 04:00:00,114.3731460571289,0.00720736361473014,113.61436767578125,0.006678542484282992,35.89461012273499,-0.059247955278037834,9.697160415371684,-0.6882494004796164
193,2023-10-10 04:00:00,115.3607177734375,0.0085975814200388,113.77668228149415,0.013922320990379222,42.46902445980344,0.11862803814368683,9.120143312673804,-0.27710843373493976
194,2023-10-11 04:00:00,115.6931610107422,0.0028776272310190388,113.93606262207031,0.015421793137614782,51.8744118661426,0.25853075896129973,8.645066292520369,6.548770144189992
195,2023-10-12 04:00:00,114.09935760498048,-0.013871896031953858,113.83241577148438,0.002345042329875384,46.804676130150185,0.24378083177946364,7.600727798258276,0.18683001531393567
196,2023-10-13 04:00:00,113.63001251220705,-0.004121960703338874,113.71801300048828,-0.000773848275742039,43.32624794051122,0.2040755132750658,6.892746932901787,-0.6276595744680851
197,2023-10-16 04:00:00,115.27271270751952,0.014353069800966761,113.89206085205078,0.012122459152462347,55.95147108235879,0.285130724149651,6.065495315684643,0.018518518518518517
198,2023-10-17 04:00:00,115.76161193847656,0.0042322712131576965,114.27731399536133,0.012988561694541463,56.38137280573032,0.3633444945752431,5.244332366437675,-0.794180269694819
199,2023-10-18 04:00:00,113.74735260009766,-0.017553223342700104,114.38096160888672,-0.005539462161156002,45.041895560236654,0.27510334242706347,4.4872797051068005,-0.7573162027123483
200,2023-10-19 04:00:00,112.16332244873048,-0.014023738464289864,114.3653175354004,-0.01925404601782625,41.42582235853036,0.11398642204075404,4.754122264446465,-0.6631578947368421
201,2023-10-20 04:00:00,110.68683624267578,-0.013251126403816108,114.07882308959961,-0.02973371178855605,40.7969440934934,-0.07775819760457736,5.580533082480798,-0.7466572836030964
202,2023-10-23 04:00:00,110.04149627685548,-0.005847385310594372,113.64565811157229,-0.03171403021115332,43.551680754616825,-0.22542905797972423,6.378800314710389,-0.6109215017064846
203,2023-10-24 04:00:00,110.87261962890624,0.007524437901671291,113.19684829711915,-0.02053262704021824,43.66576932783701,-0.24299595129780305,6.83640716171405,-0.5683930942895087
204,2023-10-25 04:00:00,109.16146850585938,-0.015553822904630827,112.54367904663086,-0.03005242559531141,40.02467541230099,-0.33978349387953344,7.819723250065323,-0.4915254237288136
205,2023-10-26 04:00:00,108.9170150756836,-0.0022418858435492507,112.02544479370117,-0.027747532926487004,34.387339385596846,-0.3867755861452762,8.498772177229483,-0.14814814814814814
206,2023-10-27 04:00:00,107.85123443603516,-0.009833444059736513,111.44756698608398,-0.0322692782561856,28.386212323024466,-0.45162709566473014,9.436966173575712,0.445993031358885
207,2023-10-30 04:00:00,108.64324188232422,0.0073166853309534945,110.78461990356445,-0.019329199514375287,27.445756726391267,-0.404683873614758,10.017999602130942,0.48221343873517786
208,2023-10-31 04:00:00,109.6308135986328,0.00904897701178686,110.17154006958008,-0.0049080413199795074,30.50309897584104,-0.2767279096648281,10.30338881403074,-0.2441860465116279
209,2023-11-01 04:00:00,110.1294937133789,0.004538408020942382,109.8097541809082,0.002911758931214297,36.26518427012548,-0.13527159262647492,10.458286997350598,0.33093525179856115
210,2023-11-02 04:00:00,112.5446548461914,0.021693185860306215,109.8478874206543,0.024550016289435168,46.690507297354586,0.1298447629439059,10.464283290069517,-0.4423791821561338
211,2023-11-03 04:00:00,114.44158935546876,0.0167144813429041,110.22336273193359,0.038269805229895065,47.50441561535703,0.42520304260831554,10.597188905130423,-0.43609022556390975
212,2023-11-06 05:00:00,113.76690673828124,-0.005912878744046482,110.59590377807618,0.028671974746624,44.076656157422924,0.5589494843467142,10.503601303409823,-0.25925925925925924
213,2023-11-07 05:00:00,113.91357421875,0.0012883625345463954,110.89999923706054,0.02717380525177121,50.55517983525273,0.6355322330033817,10.20315343415848,-0.3723849372384937
214,2023-11-08 05:00:00,113.62022399902344,-0.0025785213850356243,111.34587478637695,0.0204259853991892,55.32517003767454,0.6427418838707413,9.73741548990131,-0.7161572052401747
215,2023-11-09 05:00:00,112.47621154785156,-0.010119772225165628,111.70179443359375,0.006932897704863668,56.703328613638796,0.5503396641367433,9.541222316945067,-0.21700223713646533
216,2023-11-10 05:00:00,113.94290161132812,0.01295571348499949,112.31096115112305,0.014530553772121767,63.76811125955332,0.5657011307492441,9.593960652728953,1.1720430107526882
217,2023-11-13 05:00:00,113.80602264404295,-0.0012020165119411587,112.82723922729492,0.008675063073875555,60.88540242244486,0.5441761381506331,9.240263935656742,-0.30787589498806683
218,2023-11-14 05:00:00,117.27720642089844,0.03004497476446606,113.59187850952148,0.03244358628216583,76.636828298672,0.7296776509525904,9.864952880585633,0.14219114219114218
219,2023-11-15 05:00:00,117.76612091064452,0.004160213356820323,114.35554122924805,0.029824349959214447,78.58512421135629,0.8432305289982838,11.084458097593028,2.75
220,2023-11-16 05:00:00,117.13052368164062,-0.005411731455983495,114.81412811279297,0.02017517884708435,80.83162012051204,0.8320491633812652,11.96990357417505,7.204871538204872
221,2023-11-17 05:00:00,117.88343811035156,0.006407423617571537,115.15831298828125,0.023664163284049012,80.78169421808963,0.829988097831672,12.836787802615191,-0.9396984924623115
222,2023-11-20 05:00:00,118.54833984375,0.005624484931669341,115.63645629882812,0.02518136267853953,80.3594601137247,0.8262430287711924,13.591110270550047,-0.5588712293220889
223,2023-11-21 05:00:00,118.21588897705078,-0.0028082881172037254,116.0666877746582,0.018516951276883322,77.84506176407217,0.756106893708185,14.14601281506836,-0.8483870967741935
224,2023-11-22 05:00:00,118.74390411376952,0.004456587370775105,116.57905578613281,0.01856978779797439,74.5355580007463,0.7012243863551413,14.276487378084653,-0.9356292243321532
225,2023-11-24 05:00:00,119.07634735107422,0.0027957539511039037,117.23906936645508,0.015671209218458913,70.93631982972104,0.6447004151147139,14.144178029695269,-0.8556304138594802
226,2023-11-27 05:00:00,118.93946075439452,-0.001150231262884528,117.73872528076171,0.010198305364437318,74.5589205879561,0.5586897498636412,13.221341920927415,-0.8820445609436435
227,2023-11-28 05:00:00,118.91990661621094,-0.00016441764260783457,118.25011367797852,0.005664205448938636,74.06012997508151,0.4649207336971659,12.199941380668434,0.7830932318564827
228,2023-11-29 05:00:00,119.6141357421875,0.0058208134927825155,118.48380661010742,0.009539946127825149,77.73759170732741,0.41569679224951095,11.368247205612988,-0.9561162918266594
229,2023-11-30 05:00:00,120.46482849121094,0.0070868042278011845,118.75367736816406,0.014409247452118117,87.99994774065429,0.4060109268224479,10.575747885920265,-0.9248337669846777
230,2023-12-01 05:00:00,122.58665466308594,0.01746033432618059,119.29929046630859,0.02755560560274861,88.70398889324645,0.5018098949532268,11.166921076845597,5.539792387543253
231,2023-12-04 05:00:00,122.6355438232422,0.000398733565768259,119.77450103759766,0.02388691049313118,89.84980865392508,0.5252690493821894,11.929932210272597,-0.6472959355055425
232,2023-12-05 05:00:00,121.5404052734375,-0.008970137288764054,120.0737075805664,0.012214977969985451,74.4942348559766,0.42795087219140027,11.926042043009403,-0.8100828729281768
233,2023-12-06 05:00:00,121.5599594116211,0.00016087296496736505,120.40811462402344,0.009566172439410001,73.04017688355788,0.33019507966489314,11.757764457425367,-0.35939553219448095
234,2023-12-07 05:00:00,122.1173095703125,0.004574502438810097,120.74545516967774,0.01136154067833824,80.57559745226733,0.2708578227630736,11.398663180651852,-0.8405466970387244
235,2023-12-08 05:00:00,122.65509796142578,0.004394198364770248,121.10333023071288,0.012813584298273527,80.04929492877208,0.23684539068309252,10.332838725495947,-0.9213630406290957
236,2023-12-11 05:00:00,123.760009765625,0.008967950216300685,121.58538513183593,0.01788557589739181,81.09688368349548,0.25614172883573927,9.870307082261093,-0.2543725069039583
237,2023-12-12 05:00:00,124.01424407958984,0.0020521454448217367,122.09481887817383,0.01572077520612255,84.92348101638079,0.252967376574869,8.950286493680778,-0.8898176291793313
238,2023-12-13 05:00:00,126.75208282470705,0.0218366442609529,122.80861358642578,0.03211068933292758,88.09305370671716,0.39379650450537973,10.282247091923864,1.6763717805151175
239,2023-12-14 05:00:00,128.66856384277344,0.01500675070169059,123.62898712158203,0.04076371438872401,89.65241442822307,0.5641870552240489,12.162688467498498,2.6667262011073407
240,2023-12-15 05:00:00,128.05255126953125,-0.004799089122587731,124.17557678222656,0.031221715153406968,86.23639016724663,0.581270257768002,12.98710866926811,1.3256776329402027
241,2023-12-18 05:00:00,128.003662109375,-0.0003818627176055763,124.71238861083984,0.026390910599952126,86.0356777501346,0.5362355136500394,13.598175383074931,-0.4164509061939853
242,2023-12-19 05:00:00,129.15745544433594,0.008973371153564587,125.47409362792969,0.02935555627385983,86.52693596597678,0.5301574376399216,14.454375237789577,-0.8239366963402571
243,2023-12-20 05:00:00,127.0624771118164,-0.01635333363812984,126.02434539794922,0.008237548948094604,73.05630934600016,0.3402779151358972,14.26977539188546,0.12652912178199743
244,2023-12-21 05:00:00,128.46568298339844,0.010982898918571373,126.65918273925782,0.014262686724100426,71.63146648281494,0.2676193864358063,14.35301882551974,-0.9141552511415525
245,2023-12-22 05:00:00,128.94650268554688,0.0037358003087559918,127.28832321166992,0.013026956692009692,72.50538699286079,0.2127670966544728,14.389081133250457,-0.9289617486338798
246,2023-12-26 05:00:00,129.82960510253906,0.00682525023461037,127.89528274536133,0.015124266631701792,80.01384554865058,0.1971386639366175,14.335734660665423,-0.9506922055755737
247,2023-12-27 05:00:00,129.90814208984375,0.0006047406705196066,128.48467254638672,0.011078905485345866,80.0988502496838,0.1551194481983238,13.942402745177446,-0.5973645680819912
248,2023-12-28 05:00:00,130.3202362060547,0.0031671754125035772,128.84148788452148,0.011477268276027524,79.88819454482783,0.11969500577634173,13.555378422482462,-0.8127993034392686
249,2023-12-29 05:00:00,129.39784240722656,-0.007103068696046606,128.9144157409668,0.003749981439090021,73.89808179350604,0.004824337054258443,12.920616195196885,0.20456905503634476
250,2024-01-02 05:00:00,128.94650268554688,-0.003494097621586953,129.00381088256836,-0.00044423646580217535,69.27531152780472,-0.12376940181900498,12.642338795056816,-0.3386243386243386
251,2024-01-03 05:00:00,127.00360870361328,-0.015182109438632544,128.9038055419922,-0.014741200466419916,59.87085475089457,-0.3491288117641158,12.083172842609272,-0.562874251497006
252,2024-01-04 05:00:00,126.7877426147461,-0.0017011307895463273,128.6668342590332,-0.014604320181719177,50.14127828739516,-0.5123147363494338,11.021653356655676,-0.7532387415175817
253,2024-01-05 05:00:00,127.18023681640624,0.0030908976400767095,128.6786102294922,-0.011644308330760486,43.29366143437628,-0.5879852475774632,9.72552862937087,-0.7951219512195122
254,2024-01-08 05:00:00,128.750244140625,0.01226916788540734,128.70706634521486,0.00033547338647541296,52.89489145739843,-0.5283497460175219,8.444543735373031,1.213375796178344
255,2024-01-09 05:00:00,128.1516876220703,-0.004659813941675859,128.6275848388672,-0.003699806829095337,50.58739898687147,-0.5242217108298379,6.995269310323238,0.5894955079474775
256,2024-01-10 05:00:00,128.35775756835938,0.0016067243876181552,128.48040008544922,-0.00095456207334564,46.56851511623796,-0.502556890081419,5.773917504947761,-0.7129186602870813
257,2024-01-11 05:00:00,128.01431274414062,-0.0026792702438399756,128.2910171508789,-0.0021568494262762957,54.80684985447565,-0.5049593776683965,4.245140031907681,0.2587904360056259
258,2024-01-12 05:00:00,127.76897430419922,-0.0019183310841730773,128.03589096069337,-0.0020847018323642465,46.01560093441551,-0.514909020674859,4.005866375338883,0.3471502590673575
259,2024-01-16 05:00:00,126.9937973022461,-0.006085499771762798,127.79548645019531,-0.006273219580893841,39.19643000357101,-0.5617069751727475,4.200290744316973,-0.739413680781759
260,2024-01-17 05:00:00,125.92423248291016,-0.008457848546409932,127.49325942993164,-0.012306744325442537,28.829863876874626,-0.6466544102819916,4.727599640299033,-0.49225473321858865
261,2024-01-18 05:00:00,126.60130310058594,0.005362406131035777,127.45302886962891,-0.00668266401039553,33.166696441748286,-0.6381200665057765,4.9499338133080215,0.6423637759017652
262,2024-01-19 05:00:00,127.71009826660156,0.008720035248282977,127.54526443481446,0.0012923555611219846,37.593236762628116,-0.5424344823724816,4.877618509864888,-0.5537065052950075
263,2024-01-22 05:00:00,128.750244140625,0.008111597820924708,127.70226516723633,0.008206424310612297,46.955849379779686,-0.40028490514577864,4.806620111068526,-0.18136908962597037
264,2024-01-23 05:00:00,128.6619110107422,-0.0006863167226751685,127.69343185424805,0.007584408551252526,48.61495824304434,-0.30756887636299335,4.8192703666857,-0.8359240069084629
265,2024-01-24 05:00:00,127.8965301513672,-0.005966540227725695,127.66791610717773,0.0017906930038518664,54.90818720366236,-0.29320375819785394,4.773642706974201,-0.5867768595041323
266,2024-01-25 05:00:00,129.03480529785156,0.008860597650867911,127.73562088012696,0.010170885840401706,61.214394230732644,-0.20654536644955712,4.587121354391101,-0.7371188222923238
267,2024-01-26 05:00:00,129.16238403320312,0.0009882272232692498,127.85042800903321,0.010261647493876364,60.160961545381106,-0.1431472525818862,4.384702573556908,-0.06103286384976526
268,2024-01-29 05:00:00,130.3398895263672,0.009075169619800271,128.10751953125,0.017425753018132765,58.490573726401735,-0.030321529745051645,4.393220379397249,-0.07042253521126761
269,2024-01-30 05:00:00,130.182861328125,-0.001205485637958351,128.4264259338379,0.013676588611069667,61.3858752365019,0.022472236423141334,4.641844918474419,0.3076923076923077
270,2024-01-31 05:00:00,128.23016357421875,-0.01511328558384548,128.65701904296876,-0.0033177783219697082,49.40188461422917,-0.07977505609984492,4.577027342766257,-0.37581274382314694
271,2024-02-01 05:00:00,129.8590545654297,0.012622864538130036,128.98279418945313,0.006793622215141996,57.71743404589978,-0.0450886585776491,4.724284235772529,0.9213973799126638
272,2024-02-02 05:00:00,129.90814208984375,0.00037793474796187924,129.20259857177734,0.005460753311973427,59.098558495762994,-0.02710979562483118,4.75313079378553,-0.3591654247391952
273,2024-02-05 05:00:00,128.59323120117188,-0.010173425486010738,129.18689727783203,-0.004595404713400661,56.50426759082013,-0.10753077683219203,4.620472279576617,6.271386430678466
274,2024-02-06 05:00:00,129.48617553710938,0.006919946930207273,129.26932373046876,0.0016775194638811851,64.69612790108383,-0.10426582643926852,4.7075363093362625,-0.7390043499275012
275,2024-02-07 05:00:00,130.0552978515625,0.0043856052692329795,129.48520050048828,0.004402799307339178,64.37882797443383,-0.069147231474467,4.899272439841852,-0.11091154018859452
276,2024-02-08 05:00:00,130.56556701660156,0.003915801732258422,129.63827667236328,0.007152905515566529,62.51062964963609,-0.019502633954772253,5.204691763310052,-0.8833034111310593
277,2024-02-09 05:00:00,130.84030151367188,0.002101977279776533,129.80606842041016,0.007967524984364293,59.81546293350305,0.021657306905012885,5.5023935515728795,-0.36764064544265157
278,2024-02-12 05:00:00,131.68418884277344,0.006429040084010129,129.94049835205078,0.01341914578469936,63.25291530948987,0.09161419994422892,5.96276431690454,-0.8627103631532329
279,2024-02-13 05:00:00,129.3782501220703,-0.017666261776637143,129.86003723144532,-0.003710049062409648,55.72407760214278,-0.025270138435430356,5.652422655678777,-0.6465324384787472
280,2024-02-14 05:00:00,130.90899658203125,0.011762113796914152,130.12792053222657,0.006002370948602426,57.02715845962846,-0.008229790001234472,4.980303258865277,0.3454689354966363
281,2024-02-15 05:00:00,132.57713317871094,0.01266221403047872,130.39972839355468,0.016697924236350473,61.47745374687021,0.10064534926586055,5.027922378274425,3.691932624113475
282,2024-02-16 05:00:00,131.77249145507812,-0.006087727264800965,130.58616333007814,0.009084638791334637,54.93897236212362,0.10333701493271952,4.992741192357244,-0.6983506944444444
283,2024-02-20 05:00:00,131.11505126953125,-0.005001694255482126,130.83834533691407,0.0021148687863993317,53.10658560348879,0.048492367211679044,4.984416606491422,-0.7873005943071629
284,2024-02-21 05:00:00,131.1837615966797,0.0005239088043843446,131.0081039428711,0.001340815174954358,61.25655241876861,0.006690825369105147,4.9188702451351105,-0.9304897314375987
285,2024-02-22 05:00:00,132.8322296142578,0.012487799943560016,131.28579711914062,0.011779130180500901,61.3142797417197,0.07605695095817255,5.004543908859034,-0.886704431856048
286,2024-02-23 05:00:00,132.51824951171875,-0.0023665323696398606,131.48106536865234,0.00788846774368849,59.73635080369746,0.08605232632704407,5.179637609741803,-0.7733245729303548
287,2024-02-26 05:00:00,132.80279541015625,0.002144918490074638,131.67731475830078,0.008547263087201737,67.01031182098225,0.09631169202526291,5.372490019792906,-0.7906112799729821
288,2024-02-27 05:00:00,133.39157104492188,0.004423659318867236,131.84805297851562,0.01170679453763161,66.17891729247262,0.12539442605315898,5.8522410591316,0.2406576980568012
289,2024-02-28 05:00:00,133.2639923095703,-0.0009568804301782357,132.23662719726562,0.007769141833692632,63.79744975021094,0.11874885607810204,6.176705961710681,-0.9240352476450927
290,2024-02-29 05:00:00,134.38262939453125,0.008359108674963369,132.58399047851563,0.013566033949680199,65.5973902405872,0.16931777868717512,6.263542704029135,-0.6849360026255333
291,2024-03-01 05:00:00,135.15780639648438,0.005751857874916464,132.84205780029296,0.017432345106192,66.94912005367132,0.23079200075542472,6.952317616272808,0.14285714285714285
292,2024-03-04 05:00:00,135.49143981933594,0.002465431524465692,133.21395263671874,0.01709646127555435,65.56978296953585,0.267174571605707,7.5609208864577795,-0.6504237288135594
293,2024-03-05 05:00:00,134.46112060546875,-0.00763337243521472,133.5485595703125,0.006833177670297421,73.20777905196114,0.19826973136940707,7.213365816715907,-0.329073482428115
294,2024-03-06 05:00:00,135.6876983642578,0.009080818433469135,133.99895324707032,0.012602673948308742,72.44233858889524,0.2105628826536301,7.383978646230389,-0.15169660678642716
295,2024-03-07 05:00:00,136.68858337402344,0.007349314767005884,134.38458862304688,0.017144784045433487,70.59974801531479,0.2582218352673269,7.897610853073047,-0.6896896896896897
296,2024-03-08 05:00:00,136.42361450195312,-0.0019403670525558472,134.7751251220703,0.012231406785115032,74.63597568860726,0.24417664868741906,8.211764996430645,-0.810126582278481
297,2024-03-11 04:00:00,136.35494995117188,-0.0005034453668983178,135.13034057617188,0.009062430907659095,79.60086474707526,0.2041639301656497,8.397233200357448,-0.7684674751929438
298,2024-03-12 04:00:00,136.96334838867188,0.004451948120989561,135.48751831054688,0.010892738287096632,80.77322427013615,0.19271604579474877,8.804513925641004,0.30742049469964666
299,2024-03-13 04:00:00,137.1497802734375,0.0013602552670257506,135.8760971069336,0.009373857460017565,77.22778946396026,0.17240400463676497,8.348145853739425,1.2603719599427754
300,2024-03-14 04:00:00,135.67788696289062,-0.01079001705212301,136.00562286376953,-0.002409723171571987,67.38646363007396,0.041377489078300966,7.9124163427018175,3.6208742194469226
301,2024-03-15 04:00:00,135.34425354003906,-0.002462039379977185,136.024267578125,-0.004999211171604947,63.90967899263248,-0.07962730849927713,7.7927420186455265,-0.7278911564625851
302,2024-03-18 04:00:00,135.67788696289062,0.002462039379977172,136.04291229248048,-0.0026831631537340386,62.87277400908609,-0.14524251798065468,7.444993788049828,-0.7647058823529411
303,2024-03-19 04:00:00,136.5511932373047,0.006415988105070619,136.25191955566407,0.0021964731404635293,67.07431125764829,-0.13792925132238976,6.848511136920479,-0.7852760736196319
304,2024-03-20 04:00:00,137.88571166992188,0.009725579378967916,136.47172088623046,0.010361053370684685,67.79652345397267,-0.05554135107720404,6.39416035747945,-0.5918367346938775
305,2024-03-21 04:00:00,139.0116424560547,0.008132522574947143,136.7040267944336,0.016880378111254455,68.90470737056415,0.05639797886663467,6.813458986568378,-0.5846645367412141
306,2024-03-22 04:00:00,138.1250762939453,-0.006398063673562151,136.87417297363282,0.009139074911915342,62.25434231900851,0.052430131713657735,6.557219609257174,0.27014218009478674
307,2024-03-25 04:00:00,137.8985137939453,-0.001641617303856301,137.02852935791014,0.006348929234749513,67.28728261687004,0.018022305507083614,6.151086440784184,0.016507384882710686
308,2024-03-26 04:00:00,137.8000030517578,-0.0007146265965225169,137.11219482421876,0.005016389887280547,61.98279861779554,-0.02553010719232507,5.781576358325879,5.286206896551724
309,2024-03-27 04:00:00,139.474609375,0.012079192320703475,137.344677734375,0.015507929945012376,64.68242033770733,0.04068329696470885,5.703414511228345,-0.8989169675090253
310,2024-03-28 04:00:00,140.16415405273438,0.004931691635663774,137.79330444335938,0.017205840435806877,68.86836020603258,0.10926771415592529,6.130040808610772,-0.8858647936786654
311,2024-04-01 04:00:00,139.22833251953125,-0.006698999277957712,138.18171234130858,0.007574230775469894,63.32817127099978,0.07176681024989673,6.236393284391113,-0.9381625441696113
312,2024-04-02 04:00:00,137.8394012451172,-0.010026017033845454,138.39786376953126,-0.004035196130946463,53.78919176492794,-0.05934043457023197,6.077016269647515,-0.9290780141843972
313,2024-04-03 04:00:00,138.14479064941406,0.0022130943576500767,138.55722351074218,-0.0029766247538594638,54.2598822814662,-0.13398262567418517,5.53777593443499,-0.738562091503268
314,2024-04-04 04:00:00,136.59823608398438,-0.01125830867631745,138.42847595214843,-0.013221556154361831,53.915209833332895,-0.28720211218404135,5.35698950513131,-0.583864118895966
315,2024-04-05 04:00:00,137.55374145507812,0.006970653640139824,138.28268585205078,-0.005271407569799094,58.92694871848618,-0.32131009490371487,5.309098363521855,-0.4956949569495695
316,2024-04-08 04:00:00,137.9379119873047,0.0027889830885717295,138.26396942138672,-0.0023582241667625416,59.093995788025964,-0.3147022217795492,5.224245201214842,-0.3395461912479741
317,2024-04-09 04:00:00,138.3516387939453,0.0029948806584086268,138.3092819213867,0.0003062475053747626,57.52295894295778,-0.28031735223245957,5.13802006579084,-0.9450084602368867
318,2024-04-10 04:00:00,136.19436645507812,-0.015715520876406458,138.14871826171876,-0.014146724133467294,43.38754823145371,-0.39376117033268754,5.271252540258274,-0.5246478873239436
319,2024-04-11 04:00:00,136.44061279296875,0.0018064182778842679,137.84531860351564,-0.010190449880907747,39.20588857071474,-0.43962982528110484,5.363072981442599,4.595432300163132
320,2024-04-12 04:00:00,133.65289306640625,-0.02064335990228947,137.1941925048828,-0.025812312998238027,33.80882984988217,-0.6333577874633782,6.211390387048368,2.337034980566352
321,2024-04-15 04:00:00,132.4412841796875,-0.009106679993056236,136.51548767089844,-0.029844258411417243,31.557941308417,-0.8075782967818868,7.472114218452646,4.022284122562674
322,2024-04-16 04:00:00,131.99798583984375,-0.0033527452640977925,135.93134613037108,-0.028936374151366573,30.839281988952294,-0.9095665671006623,8.77612978869638,-0.8756562586349821
323,2024-04-17 04:00:00,131.12130737304688,-0.006663758481672613,135.22899780273437,-0.030375810635523585,20.879133739313247,-0.986518896781974,10.30616689599674,-0.7346827133479212
324,2024-04-18 04:00:00,131.1016082763672,-0.0001502469505226508,134.67933502197266,-0.026564778813481484,16.85878785646767,-0.9868063181601207,11.475844395944478,-0.9580184718723762
325,2024-04-19 04:00:00,131.03265380859375,-0.0005261003946255141,134.02722625732423,-0.022343015910670873,18.000019064913644,-0.939920824660499,12.231051219918356,-0.9194939620471535
326,2024-04-22 04:00:00,132.27381896972656,0.00942760229846846,133.4608169555664,-0.008893981116832438,28.0155360591354,-0.7801750333263002,12.552822111222099,-0.9370503597122302
327,2024-04-23 04:00:00,133.7908172607422,0.011403354848169359,133.0047348022461,0.005910184022131575,34.30389522948255,-0.5386835294590685,12.52938696107401,-0.9253285543608124
328,2024-04-24 04:00:00,133.61349487304688,-0.0013262494704886008,132.74664764404298,0.006530087534325728,38.06138492036366,-0.365514599077418,12.485865845668627,-0.7105263157894737
329,2024-04-25 04:00:00,133.46572875976562,-0.0011065340564393024,132.44915924072265,0.0076751677766061744,32.51884408995052,-0.2415274415154982,12.001199176129091,-0.8843094721619668
330,2024-04-26 04:00:00,133.97796630859375,0.0038306244240656822,132.4816665649414,0.011294391008576798,33.24994417056827,-0.11219569630402237,11.062254202714144,-0.9039341262580055
331,2024-04-29 04:00:00,134.7561798095703,0.005791714135175191,132.7131561279297,0.015394281480814408,35.2465913986035,0.030935829694264783,10.261816006768868,-0.7208121827411168
332,2024-04-30 04:00:00,132.72694396972656,-0.015173105072494322,132.78605194091796,-0.00044513689749352953,35.62087987881196,-0.004021767394061682,9.921957708136404,-0.7759103641456583
333,2024-05-01 04:00:00,132.26397705078125,-0.0034942132221952053,132.90031890869142,-0.0047881138520620365,32.9856535468311,-0.048804851805980265,9.413446159587636,-0.059233449477351915
334,2024-05-02 04:00:00,133.22933959960938,0.007272249377018885,133.11309204101562,0.0008732992135584739,47.97372070954085,-0.006134872110917788,9.127825283388916,-0.5104895104895105
335,2024-05-03 04:00:00,134.6478271484375,0.010590680978540504,133.474609375,0.008789819868596263,60.35120571274774,0.11804352460649326,8.495416174525644,2.367609254498715
336,2024-05-06 04:00:00,135.5048065185547,0.006344430058389166,133.7977081298828,0.01275880142143191,65.83634111014183,0.250696996031867,7.729836615931731,-0.6587926509186351
337,2024-05-07 04:00:00,135.7904815673828,0.002106008964850802,133.99767456054687,0.013379388953693096,72.27433333284804,0.34467786964477565,6.680411153557259,-0.41798941798941797
338,2024-05-08 04:00:00,135.6919708251953,-0.0007257245957735577,134.2055221557617,0.011075912865257484,71.73492743319866,0.384189445230134,6.523114467061134,0.08626198083067092
339,2024-05-09 04:00:00,136.8050994873047,0.008169884926305337,134.53945922851562,0.016839968525076843,74.87254810429687,0.46393780868791007,6.669118714472745,2.095823095823096
340,2024-05-10 04:00:00,136.85435485839844,0.00035997566203889355,134.82709808349608,0.01503597424938205,71.99613113120448,0.4957739541360475,7.316536361439944,1.3107569721115537
341,2024-05-13 04:00:00,136.79525756835938,-0.0004319194201206195,135.031005859375,0.013065530377680185,66.77663698717676,0.4878659633703643,7.733156766321542,3.0121951219512195
342,2024-05-14 04:00:00,137.5635986328125,0.005601007991831861,135.5146713256836,0.015119597657472093,70.69144667640731,0.5071549054621615,8.18629418962854,0.7647058823529411
343,2024-05-15 04:00:00,138.98207092285156,0.010258592963311955,136.1864807128906,0.0205276632109661,75.5009275783504,0.5828131473343116,8.73764834949634,-0.6770938446014128
344,2024-05-16 04:00:00,138.30239868164062,-0.0049023560778489825,136.69378662109375,0.011767996924438435,69.6862218813906,0.5546094128058185,8.722773175806878,-0.8786653185035389
345,2024-05-17 04:00:00,138.58804321289062,0.002063232162339864,137.08780822753906,0.010943606180218961,68.26291912899421,0.5231256842033996,8.514615118466622,-0.8057142857142857
346,2024-05-20 04:00:00,138.8047637939453,0.0015625540365530348,137.4178039550781,0.010093014143353623,85.01728375959574,0.48564567320295815,8.575635279397886,-0.7291196388261851
347,2024-05-21 04:00:00,138.56834411621094,-0.0017047055265670067,137.69559020996093,0.006338285089008436,87.29614818693074,0.41634683524924154,8.785305079529394,-0.4117647058823529
348,2024-05-22 04:00:00,137.7704620361328,-0.00577468151093683,137.9034393310547,-0.0009642783063782586,77.40804797769096,0.29395717509589636,8.68166033934233,-0.6506550218340611
349,2024-05-23 04:00:00,135.9185333251953,-0.013533295143855867,137.81478271484374,-0.013759404849710588,57.288058460595984,0.07677030295274001,8.33606563895006,-0.6224116930572473
350,2024-05-24 04:00:00,136.98239135742188,0.007796700745200003,137.82758636474608,-0.006132262993327682,58.27815135676708,-0.0025446073266366387,8.098354046845884,-0.7510373443983402
351,2024-05-28 04:00:00,135.9579620361328,-0.007506652051130204,137.74385681152344,-0.012965331570716013,50.86657466153375,-0.1245500448815472,7.972367570563449,5.2078922040423485
352,2024-05-29 04:00:00,134.4705047607422,-0.011000855744516612,137.4345474243164,-0.02156694018442839,44.474157973503566,-0.29618283880563656,7.4324653462782635,-0.8072562358276644
353,2024-05-30 04:00:00,134.69708251953125,0.00168354455003042,137.00604858398438,-0.016853022828680005,39.631774946226706,-0.3798630514087805,6.536279780480982,-0.7142857142857143
354,2024-05-31 04:00:00,135.93824768066406,0.009172297363481971,136.7696334838867,-0.006078730943741202,45.96700952258119,-0.3384152524559716,5.764749505397731,-0.6966292134831461
355,2024-06-03 04:00:00,135.1797332763672,-0.005595470877027222,136.42880249023438,-0.009155465642649735,43.30051773472392,-0.3475559635375912,5.620662464840564,-0.7760358342665173
356,2024-06-04 04:00:00,134.83497619628906,-0.0025536184165463826,136.03182373046874,-0.008798290733432319,38.272563558071546,-0.3607282253039588,5.776235879609828,-0.7750281214848144
357,2024-06-05 04:00:00,135.9185333251953,0.008004054430508162,135.7668426513672,0.0011172880717100926,36.44282503943473,-0.28376302459922753,5.759905808594965,0.31113423517169614
358,2024-06-06 04:00:00,135.63287353515625,-0.0021039102592993967,135.55308380126954,0.0005886235240777737,37.75960550877222,-0.2410695233646631,5.769120158058001,-0.8411016949152542
359,2024-06-07 04:00:00,135.16990661621094,-0.0034192216914089935,135.47822113037108,-0.002275749648819591,34.577831997499516,-0.23286080382512608,5.933819987895276,0.09268292682926829
360,2024-06-10 04:00:00,135.61317443847656,0.003273972779128214,135.34129943847657,0.002008810327135829,35.88846460039669,-0.18833227108402184,6.0006787151342,-0.7577519379844961
361,2024-06-11 04:00:00,135.14186096191406,-0.0034814787611932227,135.2596893310547,-0.0008711270129582681,35.15817497329823,-0.1813106368470926,6.1325420881550485,-0.17061611374407584
362,2024-06-12 04:00:00,136.07066345214844,0.006849286354254399,135.41970520019532,0.004806968461427242,42.719884352567824,-0.10840031194111815,6.059808943156952,3.3828016643550622
363,2024-06-13 04:00:00,135.3888702392578,-0.005023177025467123,135.48888397216797,-0.000738169287236147,47.47878407549121,-0.10055170080017341,5.62035431810682,-0.3674293405114401
364,2024-06-14 04:00:00,134.61817932128906,-0.005708688067467099,135.35687713623048,-0.0054574088185999755,38.42315652622219,-0.13933801474868704,5.449431421782265,-0.610738255033557
365,2024-06-17 04:00:00,135.49755859375,0.00651115248617508,135.38865966796874,0.0008043430376541758,47.71305437947851,-0.09969974939694942,4.918901345975996,1.0504385964912282
366,2024-06-18 04:00:00,135.8829345703125,0.002840117438912128,135.4934555053711,0.002874523079278708,57.878502620635174,-0.04428328081165937,4.095601680355799,-0.4692144373673036
367,2024-06-20 04:00:00,135.74459838867188,-0.0010185726910218508,135.47606201171874,0.001982168458143608,55.90111231454261,-0.015203518863669552,3.132006599770193,-0.4226327944572748
368,2024-06-21 04:00:00,136.01136779785156,0.001963301844761311,135.51391143798827,0.003670887767791506,50.46271619815686,0.021732040718008522,2.4327261426215614,-0.6704545454545454
369,2024-06-24 04:00:00,136.7030487060547,0.005072576655156912,135.66722564697267,0.007635027945344688,59.722027454463294,0.08872256647819221,2.630450808830062,-0.16467780429594273
370,2024-06-25 04:00:00,135.98171997070312,-0.005290580925111626,135.7040802001953,0.002045920580267259,56.98303881541168,0.08066201764144916,2.311833561077549,-0.8188405797101449
371,2024-06-26 04:00:00,135.4481658935547,-0.0039314371199458435,135.73471069335938,-0.0021110650204428975,46.93008488923767,0.03778295147396144,2.2756892627065213,-0.6237864077669902
372,2024-06-27 04:00:00,135.70506286621094,0.0018948478002337248,135.69815063476562,5.0938287758371255e-05,50.47292879977447,0.02568672906477657,2.064777610581757,-0.023090586145648313
373,2024-06-28 04:00:00,135.89279174804688,0.0013824034950422593,135.74854278564453,0.0010626188645731682,54.912961507270666,0.029046009508922783,1.9161096781184597,-0.14893617021276595
374,2024-07-01 04:00:00,134.7367401123047,-0.008543477569265824,135.7603988647461,-0.007540186689207108,44.56959928600602,-0.043906734359695936,2.0444475266020277,-0.7627737226277372
375,2024-07-02 04:00:00,135.4481658935547,0.005266226273989739,135.75545959472657,-0.002263582636670792,51.84303111320034,-0.04158795496200688,2.016459481613083,-0.09319899244332494
376,2024-07-03 04:00:00,135.55685424804688,0.0008021132616862016,135.7228515625,-0.0012230609108348643,46.569894773299104,-0.03058250438975476,1.8938989171126082,2.2358674463937622
377,2024-07-05 04:00:00,135.47781372070312,-0.0005832503286519691,135.69617309570313,-0.0016091785790156533,50.64573949302416,-0.026620055474892733,1.8739947154084575,-0.726890756302521
378,2024-07-08 04:00:00,135.79397583007812,0.0023309630024646653,135.67443389892577,0.0008810940109867053,59.139614047989,-0.001998160171933147,1.8828982080364085,0.23529411764705882
379,2024-07-09 04:00:00,135.4679412841797,-0.002403836899511849,135.5509231567383,-0.0006121822753110483,49.748112465642855,-0.006696980590263135,1.8448316242191822,-0.6280087527352297
380,2024-07-10 04:00:00,136.5745849609375,0.008135858729812557,135.6102096557617,0.007111376847095811,55.23950434621786,0.06191830329047426,2.0370298789746926,-0.7142857142857143
381,2024-07-11 04:00:00,137.97767639160156,0.010221031425859391,135.8631607055664,0.015563569072396304,64.19612491681977,0.19166599961356945,2.8498977251782662,-0.401330376940133
382,2024-07-12 04:00:00,139.5487518310547,0.011322108906974658,136.24752960205078,0.024229593289845766,69.28906387808149,0.36321222050120827,4.4035590008477925,-0.5421686746987951
383,2024-07-15 04:00:00,139.59815979003906,0.00035399252109491453,136.61806640625,0.021813318415204383,66.97588192558077,0.4540271126166637,5.424561884881371,-0.19799498746867167
384,2024-07-16 04:00:00,141.98934936523438,0.016984042096493325,137.34332733154298,0.033827795816217754,79.45785386146318,0.6378927174621077,7.3118248235784336,-0.12529550827423167
385,2024-07-17 04:00:00,140.96173095703125,-0.007263608431005038,137.89468383789062,0.022241953306526698,75.78587852119963,0.6508079424481589,8.224716100646276,0.4945054945054945
386,2024-07-18 04:00:00,139.58828735351562,-0.009791156557867718,138.2978271484375,0.009331022993535868,66.4437474719671,0.5323446647624946,8.529371064872464,1.082191780821918
387,2024-07-19 04:00:00,138.92626953125,-0.004753927955944987,138.64267272949218,0.002045523186870134,62.349392351405015,0.3819341377600982,8.606160068507847,0.6190476190476191
388,2024-07-22 04:00:00,140.01316833496094,0.007793120348132173,139.06459197998046,0.00682112061362845,71.60215099441011,0.3301257302985394,8.892264667422978,-0.20103092783505155
389,2024-07-23 04:00:00,139.6870880126953,-0.0023316422677124556,139.48650665283202,0.00143799830303672,67.91993497780989,0.2519096532932783,9.102004201675413,-0.275
390,2024-07-24 04:00:00,137.59234619140625,-0.015109535110479643,139.5882827758789,-0.014298740157705747,57.36779199317779,0.0477959786142802,8.986237799588707,0.08294930875576037
391,2024-07-25 04:00:00,137.8986358642578,0.0022235921972230815,139.58037872314452,-0.012048562084950478,58.62073462432526,-0.07140861113098962,8.756630225758101,-0.044444444444444446
392,2024-07-26 04:00:00,139.84519958496094,0.014017201062262046,139.61002349853516,0.0016845215016259116,62.925782432881114,-0.026303717407596516,8.736643538709416,-0.5565410199556541
393,2024-07-29 04:00:00,139.9835205078125,0.0009886114196669279,139.6485595703125,0.002398599301923687,64.58201728754463,0.004084824807697229,8.699940818171228,0.16033755274261605
394,2024-07-30 04:00:00,140.78387451171875,0.005701204527141035,139.52801208496095,0.009000790651221243,63.86724523096659,0.06589651986411593,8.387510992703028,-0.6467991169977925
395,2024-07-31 04:00:00,141.4854278564453,0.004970818883947075,139.58038177490235,0.013648379932182599,62.11612046338558,0.13770794840911915,8.314575592260667,-0.23261390887290168
396,2024-08-01 04:00:00,139.3511505126953,-0.015199718259037959,139.55666809082032,-0.0014726460651186166,49.34302644128331,0.030732588639764913,7.766835027558102,0.5802469135802469
397,2024-08-02 04:00:00,136.71292114257812,-0.019113749019864054,139.33533325195313,-0.01882086939594158,41.81612321584847,-0.21492612802686606,7.373511513192511,0.42493638676844786
398,2024-08-05 04:00:00,133.4225616455078,-0.024362014196111968,138.6762725830078,-0.03788471408730186,26.879948343270172,-0.5757586112805757,8.463354490980635,-0.05
399,2024-08-06 04:00:00,134.82565307617188,0.010461238133483378,138.19012908935548,-0.024346717347720925,33.76889768610306,-0.6890270013348745,8.697070558146947,1.4593495934959348
400,2024-08-07 04:00:00,134.1735076904297,-0.004848689204331379,137.8482452392578,-0.026657847856169814,35.10862312789287,-0.7707792780147285,9.455449637940205,-0.488272921108742
401,2024-08-08 04:00:00,136.63388061523438,0.018171148425216086,137.72176971435547,-0.007899180364712544,44.2630838530521,-0.6281018669112539,9.619058235265129,-0.3626373626373626
402,2024-08-09 04:00:00,136.87103271484375,0.0017341711061433392,137.42435302734376,-0.004026362870268778,41.787212454922454,-0.4926848490921565,9.706391719845783,-0.21610169491525424
403,2024-08-12 04:00:00,136.47576904296875,-0.0028920327205373374,137.07357788085938,-0.00436122589876675,41.63663053853618,-0.40815365763320366,9.814730049131299,-0.12472647702407003
404,2024-08-13 04:00:00,138.50137329101562,0.014733158338404625,136.84532775878907,0.012101586216707316,52.37597273936807,-0.20452358124467496,9.205836394346989,-0.5661605206073753
405,2024-08-14 04:00:00,138.31362915039062,-0.0013564594964602377,136.52814788818358,0.013077752022750282,51.09145385650774,-0.07770382896524336,8.830668969346334,1.0555555555555556
406,2024-08-15 04:00:00,140.42816162109375,0.015172271284411858,136.63584899902344,0.027754887533925427,51.51979250784659,0.14142761679272361,8.984149309116276,-0.46322067594433397
407,2024-08-16 04:00:00,141.04078674316406,0.0043530634055699065,137.06863555908203,0.028979285945907603,52.68979246101899,0.31076045075735537,9.340652913319218,-0.717391304347826
408,2024-08-19 04:00:00,142.2363739013672,0.008441162390884044,137.95001678466798,0.031071812940696945,53.62245709532149,0.4764987619563941,9.898667129174044,-0.5045045045045045
409,2024-08-20 04:00:00,141.5348358154297,-0.004944402329272272,138.62093505859374,0.02102063988822659,50.12322094527742,0.5091396816659552,10.246494768607818,-0.6130952380952381
410,2024-08-21 04:00:00,142.70077514648438,0.008204080176663455,139.47366180419922,0.023137797491941878,58.77775725165322,0.5746642576289434,10.902802819422845,0.917098445595855
411,2024-08-22 04:00:00,142.13758850097656,-0.003954434874579282,140.02403259277344,0.015094236818260328,65.95007936657487,0.5457062093666571,11.305028928915249,0.6
412,2024-08-23 04:00:00,144.07423400878906,0.013533159100207989,140.74435272216797,0.023659075637616076,84.02779673442966,0.6173359845384203,12.208060548067806,0.08045977011494253
413,2024-08-26 04:00:00,143.82720947265625,-0.0017160358334092445,141.47949676513673,0.01659401369950336,81.04978272952351,0.6074935532153681,12.91033435314165,-0.20745920745920746
414,2024-08-27 04:00:00,144.0347137451172,0.0014416933374344386,142.03283081054687,0.014094508453757195,85.09146116321398,0.5747242437653124,13.541931767520225,-0.5784543325526932
415,2024-08-28 04:00:00,143.41220092773438,-0.004331330474067006,142.54268798828124,0.006100017838337771,77.75074901734422,0.4750229682138829,13.892244883513968,-0.10662824207492795
416,2024-08-29 04:00:00,143.97543334960938,0.003919675558829206,142.8974151611328,0.007544000619332242,78.32934997420146,0.4131853562312624,14.445294653074313,-0.6096096096096096
417,2024-08-30 04:00:00,145.0919647216797,0.007725097552545734,143.3025329589844,0.012487090951891735,82.48891568788326,0.4126900982230457,14.890904666043184,-0.03954802259887006
418,2024-09-03 04:00:00,142.88853454589844,-0.015302933227175589,143.3677490234375,-0.003342554241126662,66.32367218326851,0.23785620736937885,13.623581578403844,-0.2479108635097493
419,2024-09-04 04:00:00,142.5525665283203,-0.002354028004092741,143.46952209472656,-0.006391291704455663,65.60009164533705,0.0815502702011055,12.54806517136251,0.7422434367541766
420,2024-09-05 04:00:00,141.77197265625,-0.005490879088622421,143.37664184570312,-0.011191984752858193,55.48390471351287,-0.08350974190192395,10.756533534222854,-0.12698412698412698
421,2024-09-06 04:00:00,140.1712646484375,-0.01135494663389517,143.1800094604492,-0.02101372128238909,46.71640604202032,-0.29755135260908494,9.857409831367988,0.6442048517520216
422,2024-09-09 04:00:00,141.5052032470703,0.009471494589512897,142.92310638427733,-0.009920741110920889,47.26741865212879,-0.3431127951949815,8.799089624834949,-0.17847025495750707
423,2024-09-10 04:00:00,141.3668670654297,-0.0009780830784462183,142.67707214355468,-0.009183010685884625,49.34466828594561,-0.37386083980858165,7.2405322225447435,-0.3548387096774194
424,2024-09-11 04:00:00,141.99925231933594,0.004463386837738213,142.47352600097656,-0.003328854805189381,47.14410128796529,-0.34367452429995304,6.414145330190024,0.34048257372654156
425,2024-09-12 04:00:00,142.9576873779297,0.0067269017824557785,142.4280746459961,0.0037184574266690804,53.234530870854684,-0.2552871083184729,5.251820122908896,2.0628803245436105
426,2024-09-13 04:00:00,144.35089111328125,0.00969838535899418,142.4656204223633,0.01323316239615397,51.14002623236138,-0.10672601229141754,5.128393689608117,-0.4117647058823529
427,2024-09-16 04:00:00,145.30935668945312,0.006617884791245519,142.48735961914062,0.019805245025632582,55.76924447569925,0.04426223897020254,5.392724561576472,-0.46322067594433397
428,2024-09-17 04:00:00,145.57614135742188,0.0018342938686375617,142.75612030029296,0.019754116679529324,55.97243029829339,0.14461438821893813,5.8566483988679465,-0.296875
429,2024-09-18 04:00:00,145.15126037597656,-0.0029228843335771925,143.0159896850586,0.01493029342816933,56.84297617918269,0.16349809289083428,5.954986740253673,-0.3603411513859275
430,2024-09-19 04:00:00,147.14720153808594,0.013657083050266035,143.5535125732422,0.02503379332505166,61.21590282446611,0.2844476082990133,6.871658619308789,-0.6460176991150443
431,2024-09-20 04:00:00,146.17889404296875,-0.0066022834455645605,144.1542755126953,0.014044803895498335,53.88428237865333,0.2732098851601181,7.158909206798057,-0.6068796068796068
432,2024-09-23 04:00:00,147.18675231933594,0.006871031111062876,144.72243041992186,0.017027919530259946,66.795415139294,0.3052004440682743,7.818837917707981,-0.08653846153846154
433,2024-09-24 04:00:00,147.4436492919922,0.001743859672011217,145.33010864257812,0.01454303357477053,69.2308892205941,0.31398844516463487,8.463107339138276,-0.4258373205741627
434,2024-09-25 04:00:00,146.4712677001953,-0.006616779777367394,145.77731018066407,0.004760394595504653,68.20229487229498,0.22860752164945852,8.746504555252898,0.06796116504854369
435,2024-09-26 04:00:00,147.14598083496094,0.0045958766097258024,146.19613952636718,0.006497034132850361,79.1036907525529,0.19327184439017087,9.119714145920454,0.8181818181818182
436,2024-09-27 04:00:00,147.3841094970703,0.0016170077137275577,146.49946136474608,0.006038576006239935,77.00035880875494,0.16285360580569885,9.514810812682924,1.6649746192893402
437,2024-09-30 04:00:00,147.6321563720703,0.001681581405145521,146.73174133300782,0.006136470751880478,78.48783479634002,0.1373738777127227,9.91468261691432,0.4252336448598131
438,2024-10-01 04:00:00,147.29481506347656,-0.0022876270289376413,146.9036087036133,0.00266301395394961,74.7424165081574,0.07865399261227446,10.052926914056854,-0.07407407407407407
439,2024-10-02 04:00:00,147.1757354736328,-0.000808770833738627,147.1060562133789,0.000473666836345852,71.38529330762876,0.015927699107544546,10.021395247042221,-0.3055555555555556
440,2024-10-03 04:00:00,146.41172790527344,-0.0052046452134329214,147.03250885009766,-0.004222065920517729,61.16036973440008,-0.08721561697971536,9.588979038493733,-0.22394678492239467
441,2024-10-04 04:00:00,147.28488159179688,0.00594597438845403,147.14310760498046,0.0009635108917029485,60.79814242725508,-0.10560600813592735,8.430219120798938,-0.0625
442,2024-10-07 04:00:00,146.31251525878906,-0.006623831809560894,147.0556838989258,-0.005053654645865468,53.73676116909001,-0.18744693191007844,7.483911724437689,-0.6086956521739131
443,2024-10-08 04:00:00,146.9276885986328,0.004195701914035603,147.00408782958985,-0.000519708207336387,58.843762724018696,-0.20302688121437673,6.196299416458601,-0.4782608695652174
444,2024-10-09 04:00:00,147.86036682128906,0.006327809540675839,147.14299774169922,0.004875319183377944,53.97079463469505,-0.15553384952001426,4.973327673435676,-0.36936936936936937
445,2024-10-10 04:00:00,147.4535675048828,-0.002755031350902508,147.17375640869142,0.0019012295603461984,57.570556239272236,-0.15612539263721792,3.7925758302745294,-0.21241050119331742
446,2024-10-11 04:00:00,149.0609588623047,0.01084201251601365,147.34144134521483,0.011670291137312126,60.391293607258035,-0.057927621387827255,3.689978665967317,-0.07514450867052024
447,2024-10-14 04:00:00,149.78529357910156,0.004847550399524459,147.55675506591797,0.015102924377728689,62.34315882943402,0.040819105749817286,4.183066231741066,-0.375
448,2024-10-15 04:00:00,149.40823364257812,-0.0025205099832585993,147.76809692382812,0.011099396641722076,66.51785944153524,0.06435197248035696,4.373253697523921,-0.16666666666666666
449,2024-10-16 04:00:00,150.32107543945312,0.00609112683714818,148.08263092041017,0.015116185504875666,67.3912934462648,0.12168046089960072,4.635252675909044,0.8867924528301887
450,2024-10-17 04:00:00,150.18215942382812,-0.0009245559408615965,148.4596740722656,0.011602378641381486,65.49446798155262,0.12978807529000558,5.154490546952502,0.07255520504731862
451,2024-10-18 04:00:00,150.6485137939453,0.0031004467643450414,148.79603729248046,0.012449770404997647,66.30904686788418,0.1449511135814623,5.5455617389057466,0.7073170731707317
452,2024-10-21 04:00:00,149.22962951660156,-0.009463142930090056,149.0877487182617,0.0009516596739814892,59.3658963192323,0.04309958423665927,5.603439500853085,0.014492753623188406
453,2024-10-22 04:00:00,148.83274841308594,-0.002663075701322073,149.27825469970702,-0.002984401763788552,57.81105692460403,-0.06163156138642134,5.610064735754179,-0.17142857142857143
454,2024-10-23 04:00:00,148.24734497070312,-0.003941053023223694,149.31695251464845,-0.007163336285211099,58.80118520686249,-0.17456799944042234,5.3852784667851665,-0.1737891737891738
455,2024-10-24 04:00:00,148.64422607421875,0.002673577687154837,149.43601837158204,-0.005298537166551411,56.82952782224184,-0.22364206042020318,5.297330169609722,3.2286751361161525
456,2024-10-25 04:00:00,147.61231994628906,-0.006966329115529507,149.29115447998046,-0.011245371767263864,56.49155482126582,-0.32078801501157783,5.267776177950509,-0.7191011235955056
457,2024-10-28 04:00:00,148.46563720703125,0.005764155032693219,149.15918884277343,-0.004649741267185655,57.50244521162804,-0.32193025653123586,5.2292302963601855,-0.46691176470588236
458,2024-10-29 04:00:00,148.19772338867188,-0.0018061811924182157,149.03813781738282,-0.005638921963321276,51.75983634612476,-0.3336599563041578,5.136177044677936,-0.47176684881602915
459,2024-10-30 04:00:00,148.0092010498047,-0.0012729099070171452,148.80695037841798,-0.005360968197954503,52.96603404740572,-0.3455837222714744,5.021267957432087,-0.7023809523809523
460,2024-10-31 04:00:00,146.5208740234375,-0.01010653797837608,148.4408218383789,-0.012934095831346297,36.26616417538574,-0.43916690502269684,4.9848705457498,-0.34393638170974156
461,2024-11-01 04:00:00,146.43157958984375,-0.0006096172621719626,148.01912841796874,-0.010725295068905934,30.529969225535908,-0.48874290124313824,5.206364246570217,-0.5309168443496801
462,2024-11-04 05:00:00,146.68954467773438,0.0017601266720995554,147.76511993408204,-0.007278952277962997,33.995300238581166,-0.484861954530603,5.088181222339529,-0.4553376906318083
463,2024-11-05 05:00:00,148.6640625,0.013370733863714106,147.74825134277344,0.006198456827092257,41.3291557676277,-0.3370271934608827,4.890666910214122,-0.4298245614035088
464,2024-11-06 05:00:00,152.28565979003906,0.024068951436497094,148.15208282470704,0.02790090349403226,58.066951218513104,-0.0008337959587257915,5.892296212434076,0.010526315789473684
465,2024-11-07 05:00:00,152.7123260498047,0.0027978318408527843,148.55889282226562,0.027958159546249407,57.93891355439154,0.23190419829479714,6.745190583895123,1.8189910979228487
466,2024-11-08 05:00:00,154.002197265625,0.008410940610707228,149.19788055419923,0.03220097157935499,68.54279233613987,0.4421570069302202,8.09683550521919,-0.096045197740113
467,2024-11-11 05:00:00,155.01426696777344,0.006550287366300102,149.85274353027344,0.03444397023306588,72.92124964920382,0.6085583283101446,9.601818764676295,2.114406779661017
468,2024-11-12 05:00:00,153.92282104492188,-0.007065842892751359,150.42525329589844,0.023251200662055313,70.28361770723812,0.6031228742705641,10.380607506087927,-0.44562899786780386
469,2024-11-13 05:00:00,153.96250915527344,0.00025781098791285837,151.0205841064453,0.019480291817402448,69.50503604530257,0.5610800863459726,11.044440947634484,0.3193116634799235
470,2024-11-14 05:00:00,152.47418212890625,-0.009713841532252843,151.61591491699218,0.005660798949661444,67.25346583334326,0.39950331184458454,11.279114810011436,-0.7415506958250497
471,2024-11-15 05:00:00,151.0850830078125,-0.00915214244285736,152.08126525878907,-0.00655032853179792,58.955183393776004,0.1768970160684955,11.306055109084866,1.31629392971246
472,2024-11-18 05:00:00,151.8788604736328,0.00524009077139369,152.6001968383789,-0.004726968769968702,62.14803005598486,0.06661088865669251,11.392118466900342,0.06983655274888559
473,2024-11-19 05:00:00,151.95823669433594,0.0005224919751326721,152.9296142578125,-0.006351795027998822,63.126677581726,-0.013236990370596224,11.423195932190026,-0.5007342143906021
474,2024-11-20 05:00:00,152.81153869628906,0.005599664406049222,152.9822021484375,-0.001115577170100077,71.83197641967556,-0.020400702130071835,11.44887457947749,0.5033557046979866
475,2024-11-21 05:00:00,154.84559631347656,0.013223078703628576,153.19552917480468,0.010770987557927146,75.72816711753788,0.09376770986612248,11.906241647580089,-0.6726190476190477
476,2024-11-22 05:00:00,156.5522003173828,0.010961035106203523,153.45052947998047,0.020212838938473584,77.70346666758104,0.2568888094410178,12.511493426313791,0.4323962516733601
477,2024-11-25 05:00:00,157.58412170410156,0.006569919020396658,153.70751495361327,0.025220671557003554,76.45676610912632,0.398499257627255,13.384863469441996,-0.36037441497659906
478,2024-11-26 05:00:00,157.35589599609375,-0.0014493283490895387,154.05082244873046,0.02145443623621842,68.82825913271117,0.43787588849124104,13.820137524254164,-0.030837004405286344
479,2024-11-27 05:00:00,157.24676513671875,-0.0006937694891660725,154.379248046875,0.018574498361159684,67.24528345684458,0.4177125024885693,13.909350049882391,-0.16167664670658682
480,2024-11-29 05:00:00,157.653564453125,0.0025836717492827015,154.89718627929688,0.017794888596995354,64.88673944473338,0.39326099263200787,13.29525056691682,-0.7907324364723468
481,2024-12-02 05:00:00,157.3856658935547,-0.0017007318348890958,155.5272445678711,0.011949168975809834,60.29283980968326,0.32344959479121327,12.117899508456276,-0.6857670979667283
482,2024-12-03 05:00:00,156.8300323486328,-0.0035366414038364886,156.0223617553711,0.0051766335554391425,63.23403770575838,0.20976734514420015,10.372895669673824,-0.6502057613168725
483,2024-12-04 05:00:00,157.2666015625,0.0027798419203932632,156.5531982421875,0.00455693865294825,64.51618093255051,0.1373890667704014,9.218474981002316,0.10236220472440945
484,2024-12-05 05:00:00,156.353759765625,-0.005821333607724559,156.90742034912108,-0.0035285812631689457,67.95230267803177,0.008264110642043576,9.021873068279035,-0.6116504854368932
485,2024-12-06 05:00:00,156.46290588378906,0.000697828054439808,157.06915130615235,-0.003859735774478209,78.2292002069687,-0.08445757456008929,8.86259478097935,-0.39759036144578314
486,2024-12-09 05:00:00,155.74851989746094,-0.004576304222666,156.98878326416016,-0.007900331099530032,70.48329203322533,-0.2018651699316354,8.812567856295743,-0.5652173913043478
487,2024-12-10 05:00:00,154.37924194335938,-0.008830469376015929,156.66829528808594,-0.014610826909920698,61.275389756119054,-0.36992429927647574,8.843281340455803,0.050955414012738856
488,2024-12-11 05:00:00,154.81581115722656,0.0028239100180065635,156.4142868041992,-0.010219498996109166,59.711505759533914,-0.44483281179013767,8.77148246057601,1.0512820512820513
489,2024-12-12 05:00:00,154.16094970703125,-0.004238910582976857,156.10570526123047,-0.012457940284404246,46.17082250210367,-0.5260681855358957,8.749053570821445,3.0046838407494145
490,2024-12-13 05:00:00,153.63507080078125,-0.0034170644381749664,155.7038558959961,-0.01328666578814024,31.20197914269926,-0.597580240368067,8.497738037411636,-0.4942528735632184
491,2024-12-16 05:00:00,153.28781127929688,-0.0022628464017324865,155.2940704345703,-0.012919096972982743,19.635142451033474,-0.6464880491006564,7.7752481595528025,-0.5216400911161732
492,2024-12-17 05:00:00,152.2005157470703,-0.007118439739480712,154.83111877441405,-0.016990144152975322,17.508986734829293,-0.7244180184564946,7.656628166155599,-0.1341991341991342
493,2024-12-18 05:00:00,146.99827575683594,-0.034777976871361395,153.80428619384764,-0.04425111032623456,10.663394692608179,-1.077408344922257,10.357580808107627,0.8309859154929577
494,2024-12-19 05:00:00,146.4501495361328,-0.0037357628184445575,152.81392517089844,-0.041643951149404376,7.459642609246828,-1.2848265387491968,12.84582903674243,0.9699499165275459
495,2024-12-20 05:00:00,149.08116149902344,0.017805771346852635,152.07575073242188,-0.019691431533140607,23.264914338711364,-1.1843161841702765,13.847189629488241,0.4200298953662182
496,2024-12-23 05:00:00,148.8917999267578,-0.0012709985285333013,151.39007873535155,-0.016502262430030418,23.826825591995515,-1.0733614538509686,14.599584344438938,-0.43804034582132567
497,2024-12-24 05:00:00,150.43653869628906,0.010321458304639061,150.99580841064454,-0.003703875758156834,29.014118580321764,-0.8485641809551716,14.599753880237188,-0.23184357541899442
498,2024-12-26 05:00:00,150.41659545898438,-0.00013257789312981497,150.5558868408203,-0.0009251805741956924,30.698546554888637,-0.6621171532526142,14.508339120907237,-0.27453769559032715
499,2024-12-27 05:00:00,149.4299774169922,-0.006580842950375194,150.0827896118164,-0.004349680576385088,28.370294033728285,-0.5696630063325114,14.486224777010875,-0.4493783303730018
500,2024-12-30 05:00:00,147.70587158203125,-0.011604962445587093,149.4898696899414,-0.011933906368440623,26.711316164573375,-0.5867347461158201,14.581808684666328,-0.49122807017543857
501,2024-12-31 05:00:00,147.994873046875,0.001954689408880261,148.96057586669923,-0.0064829423101076845,30.279346776869474,-0.5417511689481986,14.402731731694814,0.6055045871559633
