Date,EEM_return,EFA_return,JPXN_return,SPY_return,VTI_return,XLK_return,AGG_return,DBC_return
2023-01-04 05:00:00,0.03008888265759735,0.013288961854413417,-0.011967912859858099,0.007720116758790585,0.008875526048018223,0.0025962136514816603,0.005535165013519805,-0.017871922430391485
2023-01-05 05:00:00,-0.0030479791321725846,-0.009985047668453761,-0.01367019144795234,-0.011413465620960572,-0.011712390928508065,-0.01942055276093746,-0.0008157707894946853,-0.00507824682020841
2023-01-06 05:00:00,0.02089177280552179,0.025590758416489168,0.023684220694257796,0.022932269636575686,0.022069876066513006,0.02929520524399165,0.010916166186294207,0.005529514293604265
2023-01-09 05:00:00,0.007486831105018021,0.0042564684172996525,0.0017137942353020463,-0.0005669685930540513,0.0004122343753099056,0.011625112418382377,0.0025228819575122685,0.01184431942042874
2023-01-10 05:00:00,0.007183604416213463,0.0029234052180659997,-0.0010265310034422992,0.0070128627440031455,0.00788176915844141,0.0061815628393888655,-0.003824892719942241,0.0
2023-01-11 05:00:00,0.0041810911103994375,0.007577823047374199,0.007535583863390816,0.01264778397864097,0.013186729246206896,0.017328398199787376,0.006163876647248712,0.017976699335418678
2023-01-12 05:00:00,0.004898282275955124,0.014752765850240657,0.023627395513309946,0.0036407607648645257,0.00484312664347919,0.007432496182430581,0.007231126383015152,0.008213394692055287
2023-01-13 05:00:00,0.0065805410480261894,0.0052736035242311186,0.005812049493186144,0.0038794440367404537,0.004267201172849067,0.002843857806394068,-0.0036892577548385264,0.009776141900065483
2023-01-17 05:00:00,-0.005569070989533742,0.0031192657595562334,0.00941058218135038,-0.0018319224752839647,-0.001349737818925556,0.0045214228670076295,-0.0018014491576373581,0.006857459365172458
2023-01-18 05:00:00,-0.006817503075825959,-0.0035335093398791706,-0.001472180420498126,-0.01578787829155448,-0.01576822418932322,-0.012893119859891944,0.00992605951487735,-0.010817299876489828
2023-01-19 05:00:00,0.007599719087589163,-0.0015604690383264064,0.0003276262523668194,-0.007279782011722302,-0.008137464882868484,-0.011670205301191006,-0.002283620767365324,0.010125641208649672
2023-01-20 05:00:00,0.015328576496254298,0.008808069491772486,0.009824847193887098,0.01862906920978946,0.019177496627716062,0.027056627509573383,-0.004079569796833438,0.00601446731213362
2023-01-23 05:00:00,0.007189008693418986,0.004084064595995196,-0.0017836660473291577,0.011998423636735644,0.012678601794932964,0.022765522610744826,-0.0024976755481948,0.002391286284847638
2023-01-24 05:00:00,0.0007139127188500183,-0.001262360039784749,0.0063352304419421746,-0.0010732770435059047,-0.001639516699330712,-0.00044677521555513966,0.004406922667918423,-0.005566552808914826
2023-01-25 05:00:00,0.0009508548872996236,0.0066002772863851256,0.011460889292717935,0.00037489450930938695,0.0004977698811017284,-0.002085381920176932,0.0011967652378386262,-0.002798856386336368
2023-01-26 05:00:00,0.009501326369117491,0.0008368855317386625,-0.001117132574195323,0.010990426045081936,0.010295769712367564,0.015971442269213876,-0.0016930460580352191,0.00441054738152058
2023-01-27 05:00:00,-0.004705808851654503,-0.0019514770258702852,0.0017575121954558348,0.0022976410998754027,0.004037020287084525,0.004187216639025992,-0.0014967438072412964,-0.011177632919779468
2023-01-30 05:00:00,-0.02009465029550961,-0.006424500896685781,-0.004465743199297378,-0.012547000727868296,-0.013386059525445915,-0.01909312158172316,-0.002698061119804196,-0.012918827513156539
2023-01-31 05:00:00,-0.002171319729660559,0.005763419591703567,0.0028837265815093716,0.014703526494058261,0.016003009868334805,0.01394602403266898,0.00410793940818488,0.017177938440475993
2023-02-01 05:00:00,0.012330693226196843,0.008944774056719451,0.0019168924427410694,0.010627781576514339,0.012180124912849921,0.023536329714596294,0.007051680047083453,-0.018898361900693605
2023-02-02 05:00:00,-0.00597088930423384,-0.0013853673426199586,-0.002869933260899904,0.014557047561929659,0.014933395542799488,0.027306789834379952,0.0010927077990694478,-0.00737707247721231
2023-02-03 05:00:00,-0.0177799176246749,-0.009293836348261308,-0.01087294061452937,-0.0106291348319969,-0.010332876254629975,-0.008324212765305927,-0.009623997512250182,-0.02518566908144826
2023-02-06 05:00:00,-0.014676974594675984,-0.010221294972266537,-0.00905276724354731,-0.0061113811794738515,-0.007505741659130316,-0.012202841734264003,-0.005509862351407602,0.0029648197283718147
2023-02-07 05:00:00,0.003972092787051906,0.008487781577032116,0.015334457112453848,0.013078548547822866,0.012604249522657485,0.024992739115879292,-0.0017124732887809913,0.019003303308408936
2023-02-08 05:00:00,-0.0012364052207523013,-0.006171910812571402,-0.01140755205552113,-0.010934777557818798,-0.010676098300678394,-0.012052260783063873,0.0014124355205205052,0.002072091668217313
2023-02-09 05:00:00,0.004704175942992661,0.0018347993521004025,0.0013002165443980473,-0.008669177216814927,-0.009726495662597534,-0.0055004084309966395,-0.003929867645464991,-0.007857753709542892
2023-02-10 05:00:00,-0.009610708722433525,-0.004367541455124746,0.006979515830130234,0.002333837128366767,0.0018080379806613145,-0.004608621605175833,-0.004349718617647436,0.014172626844166647
2023-02-13 05:00:00,0.00821107521113773,0.010046785273240877,-0.001128425657416221,0.011738893671112693,0.011901978962184145,0.017310040956141748,0.0030480763117930465,-0.002055058411050026
2023-02-14 05:00:00,-0.001727510123583631,0.0018212896990632554,-0.003227364765494234,-0.0004600944844239674,0.00038558662894416784,0.004271267964262027,-0.003545436641752553,0.003294864596883107
2023-02-15 05:00:00,-0.008405496150749037,-0.004474945783416118,-0.010199056932920003,0.003247390174051512,0.004481229609539339,0.00467156037303651,-0.0019311742732505133,-0.010673229909134108
2023-02-16 05:00:00,0.0002492955126807139,-0.004916497829793753,-0.003434716513577074,-0.01376889889862798,-0.01333606993023484,-0.01735024609376512,-0.004176311467058991,-0.0029045394186617557
2023-02-17 05:00:00,-0.010966968529312116,0.0025410002129049314,0.00032820572676284243,-0.0024982454928592635,-0.002916863712348783,-0.01250089630433171,0.002352516363525181,-0.007490660030368579
2023-02-21 05:00:00,-0.012600760903647368,-0.01098290248747169,-0.011977023939200082,-0.020060980397369477,-0.02072376355943928,-0.0237448105691187,-0.009387895513141342,0.0012578508515199704
2023-02-22 05:00:00,-0.004849454588636837,-0.005552317569926024,-0.006476266622301274,-0.0013781998530162376,-0.0008464396861290746,-0.0014651587234433272,0.0026784314137253684,-0.012981551658437396
2023-02-23 05:00:00,0.00487308639983941,0.005153912341327782,0.009861283061075587,0.005319583698213615,0.005332460119485072,0.01658128152540872,0.0035956152445639766,0.00763685034052064
2023-02-24 05:00:00,-0.0224605778990542,-0.016664184177651142,-0.014730291927675832,-0.01068239808442839,-0.01115350780571267,-0.017826466665284868,-0.005732389950125261,-0.00336839205342776
2023-02-27 05:00:00,0.0052218509059620555,0.011877098918909201,0.008903071763909587,0.0034057727343648203,0.003559142692017625,0.005364288775454362,0.0019558281297793467,0.0008448550624289286
2023-02-28 05:00:00,-0.007012977487963257,-0.007300475483778546,-0.0023310533063346517,-0.0036959434832271043,-0.00334681377422541,-0.0021928811862775843,-0.00010278220442372366,0.0029548970016992637
2023-03-01 05:00:00,0.021449074958086234,0.005335316811781343,0.0006676095621469536,-0.0038359409301950143,0.0024057088473621313,-0.007324720679284691,-0.005727269065227025,0.01725583247670026
2023-03-02 05:00:00,0.0035852870730710418,0.0020081335401240796,0.00033364886168718577,0.007777248715047369,0.0015501404947837472,0.012322880641739253,-0.0020722373387994653,-0.003723592502790307
2023-03-03 05:00:00,0.008930889741246562,0.014600602568237253,0.02234080891007295,0.016037958046111855,0.016274736433023795,0.021502705617847395,0.007890390114593027,0.015780770594337135
2023-03-06 05:00:00,-0.00354075427956535,-0.0025395660429103906,-0.0004893080669353678,0.000692630081107426,-0.0013263327661809932,0.004781121432796631,-0.002472119358000069,-0.0049060128280745685
2023-03-07 05:00:00,-0.016751221907727487,-0.016690181534010917,-0.008484272278630134,-0.015328628005622513,-0.014904013842515385,-0.012428034887885908,-0.0013423796265633614,-0.020542314255786898
2023-03-08 05:00:00,0.004129992150012418,0.005466045178955881,0.011683364404101448,0.00163209911353146,0.0012981235970153104,0.008269876617191807,-0.0010338693513645136,-0.005453061784596813
2023-03-09 05:00:00,-0.022107842611602813,-0.007296182022227038,-0.0004879044507098973,-0.0184498366023772,-0.019747626847728794,-0.014335866726484348,0.0036225444258453088,-0.012231021717406976
2023-03-10 05:00:00,-0.0052576467265023075,-0.010664364751182598,-0.011391362853656495,-0.014429559412908466,-0.016838695717657837,-0.01758287529267344,0.011654461303469255,0.010674634833361951
2023-03-13 04:00:00,0.001585609504626051,-0.006846287716863353,-0.008230509638250783,-0.001425188026952573,-0.004139715162407298,0.0054501078336066655,0.007951806721184118,-0.006337169927006947
2023-03-14 04:00:00,0.0005275586701329882,0.013346922529089644,-0.005809089415514057,0.016530049456614293,0.01782212717946896,0.02307532750148167,-0.0058663419591706845,-0.012755171543533339
2023-03-15 04:00:00,-0.017141217352637295,-0.03097406392443125,-0.020200359078573094,-0.00625422810984011,-0.007708505269443555,0.0005727807220217151,0.009970632307489957,-0.02325570628437945
2023-03-16 04:00:00,0.015293827078119548,0.015534055644078393,0.021127992997590272,0.017545049701191306,0.01728582898759945,0.02805218841285706,-0.003928809227267571,0.0030863930755049562
2023-03-17 04:00:00,-0.006078187433904203,-0.011913452905594646,-0.005339516989296356,-0.011692704970948986,-0.012895794992615839,-0.0013922432470691026,0.006270338152618349,-0.003076896563258158
2023-03-20 04:00:00,0.0037223452908237142,0.0156297145907347,0.014091498951191994,0.009615736346888504,0.008709378143050728,0.002696497853211577,-0.0040200161608272555,0.0039682196685064675
2023-03-21 04:00:00,0.009006683958457273,0.015095900676096008,0.005955408363194081,0.013130441222257705,0.014271958528393469,0.008082092213985037,-0.00302713972669999,0.003513364569617927
2023-03-22 04:00:00,0.003937953513046821,-0.003465328093932518,-0.0029601415715874158,-0.01704642228386577,-0.0178769191832715,-0.009952301961609233,0.009614992778191,0.002625798041407723
2023-03-23 04:00:00,0.013859936811106977,0.00014505239106643586,0.005278002423198425,0.0027034046314424742,0.0018224263984247813,0.016265196381090474,0.0024061971012918626,-0.002618921283032205
2023-03-24 04:00:00,-0.002579532125385864,-0.003042132548549903,0.0008203108062119213,0.006562018760769117,0.0062851724184134206,0.0026103068230374227,0.0017002707997919586,0.004813963075914307
2023-03-27 04:00:00,-0.005430466873280859,0.009444840220964812,0.006229475395945316,0.00186972486047976,0.0025390452456348633,-0.007742083371139574,-0.010782735077557892,0.01872833851603839
2023-03-28 04:00:00,0.014300532162300872,0.0004319879926257819,0.002932587478062798,-0.0022445435939172365,-0.0014183279238740854,-0.00469492756808465,-0.001513958810374194,0.00470282378505571
2023-03-29 04:00:00,0.0028198848665252907,0.012086121686297302,0.003086436014946514,0.014534697101477478,0.014405397460538705,0.020950242489060855,0.0012128196364300514,-0.006382923759402193
2023-03-30 04:00:00,0.00996928749132997,0.011657823116383748,0.004210469932774075,0.005855500725580498,0.005400249964610859,0.011619423312521748,0.0011105228571979264,0.007280450823194284
2023-03-31 04:00:00,-0.0012656095995882133,0.005058918293088244,0.010804756081598255,0.014094491974402379,0.015069281963637549,0.01430662958076101,0.00484086072641432,0.009353750641693193
2023-04-03 04:00:00,0.0020275211061622223,0.007969787475737178,0.0036694345328427413,0.003810613227199333,0.002645790829279182,-0.001589382860944566,0.004346505744589502,0.01642791697258983
2023-04-04 04:00:00,0.0,0.00013876268699486438,-0.000635879207392831,-0.0055481159187644735,-0.006694619996759021,-0.005504762280486575,0.0037066089365236365,-0.0012432550009303656
2023-04-05 04:00:00,-0.007840277847517618,-0.006934921227374158,-0.014156136403197794,-0.0026182551466509274,-0.00364053484114657,-0.011404659363836167,0.0033934012880572073,0.0037344952890450145
2023-04-06 04:00:00,0.0040786117343005746,0.004748746130008197,-0.004517555630528136,0.0039008852683428685,0.0033081448851324247,0.005666802583265351,-0.0008951093006219768,-0.002893732787200398
2023-04-10 04:00:00,0.0010155110582565907,-0.000695034478807588,-0.0024311480820992104,0.0010262942502234917,0.0022638900876650325,-0.0005364811884008835,-0.006869911750444158,0.0
2023-04-11 04:00:00,0.006086681604989375,0.003338327865755497,0.004549116128413466,0.0002685959649215697,0.0010310900558558878,-0.009396943025327897,0.0006015159922567737,0.005389671445202193
2023-04-12 04:00:00,-0.007058201421973442,0.00637740697932343,0.0029111792105369627,-0.0040759914050944035,-0.004218385961366922,-0.005691272102376521,0.0012023913981054069,0.007835071046049746
2023-04-13 04:00:00,0.013709042895337697,0.01281157014577472,0.015481500342281906,0.013282669753075682,0.013004220400715027,0.018603034015245434,-0.00040023327410709797,0.0
2023-04-14 04:00:00,-0.005259207077875971,-0.0040804764370334645,-0.0074639204207989085,-0.002442720839010537,-0.0027716025002372247,-0.005552578098154903,-0.004905357290129975,0.0012273990731415108
2023-04-17 04:00:00,0.004279938515266091,-0.001775521318388873,0.0028799712355256357,0.003588257691998553,0.003998338281330893,0.003632704048096569,-0.005030171738651612,-0.00408651570417129
2023-04-18 04:00:00,-0.001253352075798353,0.005472902389861867,0.00526483807385536,0.0006522331087643884,0.00048576269203737255,0.0030832979462329657,0.0014155719754604945,0.0020516851670078218
2023-04-19 04:00:00,-0.010040305591589083,-0.0031297484410871546,-0.008887417905394046,-0.00016895080791323736,0.0004853743995034687,-0.002873536152142364,-0.0015145700556926656,-0.013923066378890625
2023-04-20 04:00:00,-0.0015211830691652661,0.0,0.0033626030222775327,-0.00545707931900119,-0.006210509611471959,-0.006567184010388694,0.00455068576335238,-0.008720855418364648
2023-04-21 04:00:00,-0.009395735135378502,0.005050340613381055,0.006383715132663337,0.0007769875279304284,0.0008787532819092281,-0.0032380588156618595,-0.0017117991365046548,-0.0020947496941462473
2023-04-24 04:00:00,-0.0023071317917291445,0.0025806871033959844,0.00031718331563679314,0.001043216468748387,0.0003903162358074308,-0.004399297177524741,0.003933054094087396,0.007976510368525869
2023-04-25 04:00:00,-0.01875634436682061,-0.013952988440045222,-0.006658293227709389,-0.015873874620029316,-0.01667659941187527,-0.02134441579883095,0.006227166634625858,-0.014160732305208312
2023-04-26 04:00:00,0.0057607592426729415,-0.0006868069096207519,-0.0046281663113305616,-0.004235523423046006,-0.004512448455855744,0.014864268614441789,-0.003693372081307711,-0.015209172203226484
2023-04-27 04:00:00,0.013538054573882574,0.012510216609977087,0.015231634248169978,0.01990782356755627,0.018779694503224587,0.021216979859909113,-0.003607008951218571,0.001286990230648044
2023-04-28 04:00:00,0.005137449227198498,-0.0004072502664697053,-0.008054237171517875,0.008535271428154356,0.008703228610378533,0.010857313226328769,0.005128558922953719,0.009425887761951968
2023-05-01 04:00:00,-0.003322314984817276,-0.0014941164892913195,-0.0007961463659754697,-0.0010098897126861184,-0.0004846685884446478,0.0005963574237974889,-0.010239513488844554,-0.008488980903572863
2023-05-02 04:00:00,-0.009743572128206535,-0.0100667707719303,-0.008285422064726267,-0.011239164987977945,-0.012221276562045635,-0.00934256474427031,0.009727314622528738,-0.02268834214230031
2023-05-03 04:00:00,-0.0015535854027983742,0.002610962564311148,0.0065874415146625065,-0.006863987547718442,-0.005842270716545195,-0.008427690640162022,0.004415495392332769,-0.012702567575615276
2023-05-04 04:00:00,0.008039330391431454,-0.002055842225896276,0.00127684444484788,-0.007083095119537197,-0.0074574536346875275,-0.004789108800097086,-0.0011989993791734488,0.003992867154683832
2023-05-05 04:00:00,0.013378049626128208,0.014695768640201834,0.01307197135835203,0.018512857486032486,0.018459768757189465,0.025078196464542346,-0.0032009230270209077,0.022536449199143993
2023-05-08 04:00:00,0.0005077046161101606,0.00027080135457779875,-0.0018883000693304952,0.0002664021388156801,0.0010746115972137815,-0.0005289884654909871,-0.005519410514442824,0.004753632588217593
2023-05-09 04:00:00,-0.006089872667038976,-0.004059603204471518,0.010878203700906086,-0.00438527290324775,-0.004099277973221738,-0.007674238706523284,-0.0009083368355031762,0.003010727029652216
2023-05-10 04:00:00,-0.0005104538072583376,-0.002037965147797638,-0.005458602687141045,0.004672245089454075,0.0044103763604257384,0.012200091244588096,0.00646425203653922,-0.0030016897611536697
2023-05-11 04:00:00,-0.0035761284767132917,-0.0024507069572153872,0.0026658212194321518,-0.0017438298595587876,-0.001317356728359087,-0.004478777099299891,0.003010527518384265,-0.017204245117859007
2023-05-12 04:00:00,-0.011791778451189616,-0.0017741987454710229,0.0037535650758124817,-0.0013102712009571693,-0.0023449459974377307,-0.0013231052545550348,-0.005602756598713565,-0.007877394124223391
2023-05-15 04:00:00,0.018417596974709793,0.007656490846021047,0.007478932240324809,0.0034500400079711113,0.004260055604920154,0.00828079974600815,-0.0025151977451114416,0.01146889543876517
2023-05-16 04:00:00,-0.007131911813939573,-0.00949800310872162,-0.0012372148632495694,-0.006682697833408802,-0.007752600309405833,0.0010514058163879625,-0.002320248181259643,-0.01090274520719925
2023-05-17 04:00:00,0.004617711672128877,0.004657451639221266,0.005884143443458667,0.01213888492962556,0.012972908244311965,0.013323610088953775,-0.001516442472864088,0.011904751946770542
2023-05-18 04:00:00,-0.005362516281591345,-0.0014997102794702677,-0.001385361718474809,0.009633345560735584,0.009944789592010839,0.02046787703401831,-0.004657519710417168,-0.009150339644074856
2023-05-19 04:00:00,0.000770159853221708,0.005871913384486005,0.0024662956873344744,-0.001455157957968467,-0.002401795697885123,-0.00044458488336673874,-0.0022383183056327027,-0.0013193425367508116
2023-05-22 04:00:00,0.00820933379294031,0.0002714999906379134,0.004767130555386689,0.0004061685490877043,0.001733447238308372,0.0019051293017129378,-0.0009175316051478477,0.0008806617883743151
2023-05-23 04:00:00,-0.015521677788400967,-0.014658121234510713,-0.013315069775924782,-0.011222785196970952,-0.010574303475785363,-0.01476742940623299,0.0011225320266230465,0.0039595838120101146
2023-05-24 04:00:00,-0.007495324298914197,-0.014600490471345262,-0.010237259884389505,-0.00724488003440571,-0.007724205306762544,-0.007333711316887426,-0.0025485238761544515,0.0004382083301885942
2023-05-25 04:00:00,-0.002083488704539671,-0.0013977279351209404,0.005328363064413866,0.00865984473401693,0.006805084192037292,0.03836455947941153,-0.0036789214998084185,-0.01576877462053272
2023-05-26 04:00:00,0.01774532052306599,0.009798471578799539,0.0031176270803661144,0.012950719997362636,0.013177805160490053,0.02839659665808325,0.0008204818736281538,0.016021412665964796
2023-05-30 04:00:00,-0.011538410907419916,-0.010119280175819645,-0.006215999833728891,0.00038092744149631486,0.00033586853666855987,0.005340548442824833,0.006662003882206502,-0.023215053212435666
2023-05-31 04:00:00,-0.009338542371678638,-0.010362810856206606,-0.008131306648299197,-0.005545110923484975,-0.005997123815306038,-0.008330357604527605,0.0035635572793886183,-0.01121076042438307
2023-06-01 04:00:00,0.01780562029800392,0.01485790894752137,0.022859726126709834,0.009500907290536986,0.009991268610096027,0.010165507124567208,0.003031077874024568,0.016326485740315144
2023-06-02 04:00:00,0.017237084543387793,0.012967206477686899,0.020807779146153838,0.014461192796429767,0.016535233070616107,0.005724603727232269,-0.0052734848039223126,0.012940728850729277
2023-06-05 04:00:00,-0.0002529907226253014,-0.005781209867443904,-0.0018119503960063454,-0.0019162208575509432,-0.0026326636606640585,-0.00575178764817641,-0.00010187520638527126,-0.0026432418393099733
2023-06-06 04:00:00,0.008854074977867832,0.00830659026785674,0.018756707812459306,0.0021774231733588945,0.004572269847257671,-0.0002412037185697269,0.0012235471809731724,0.001325170094375494
2023-06-07 04:00:00,-0.0042960575537945855,-0.00879469980897607,-0.023755875232634116,-0.003457804529625075,-0.0019706438313240593,-0.014948621669950701,-0.005295502720187084,0.003969970081102003
2023-06-08 04:00:00,0.007106478081785106,0.010579758112416071,0.007503817348056385,0.006048724537967898,0.0047013685694461405,0.01083093125687018,0.0053236943581420615,0.0017573614923616088
2023-06-09 04:00:00,0.004536292496337024,-0.0016750308855366658,0.010791944646997509,0.0017942090381755094,0.0010761806907897409,0.004963844585164523,-0.002342259261323365,-0.006140298649866538
2023-06-12 04:00:00,0.002007047730833822,0.0043344048481170905,0.008421005796244163,0.009071888377585768,0.00897494754974626,0.02174574500116777,0.0017352559353860375,-0.01368037718339632
2023-06-13 04:00:00,0.01001503815138749,0.009466919685742647,0.01237705583985127,0.006592917654806962,0.007366137010599294,0.0060723188102984604,-0.004687299232337461,0.013422702324225266
2023-06-14 04:00:00,0.007436724798563388,0.003723544637816545,0.0027987756572009914,0.00119092632757134,0.0,0.010313599691821995,0.0009213973322312885,0.0022075796826357408
2023-06-15 04:00:00,0.009350354857732723,0.010579778379433469,-0.00044080156487480426,0.012397551270981078,0.012187363702272691,0.012876267942377506,0.006955138963480101,0.021145284698921518
2023-06-16 04:00:00,-0.0034129603428910693,-0.0021753044987598003,-0.009698755229594958,-0.0034061737723133367,-0.0037711700714877505,-0.008245909841916088,-0.003148749846141774,0.0125107691535431
2023-06-20 04:00:00,-0.019569406278405532,-0.013217062725141004,-0.012761584178749175,-0.005188173191398415,-0.004925640960639965,-0.006758167815029581,0.0018341569344466624,-0.00894751632865165
2023-06-21 04:00:00,-0.004740548740709172,0.0015189257354557562,0.013978728393661877,-0.00512377178883805,-0.00550012950244072,-0.014796820941402888,0.0016275252029001042,0.01461742427640833
2023-06-22 04:00:00,-0.0035096421876988915,-0.006204453005475563,-0.009783697516086876,0.0036096151546523014,0.0026731188161512875,0.0081600562868398,-0.005178973890856864,-0.018644084903300162
2023-06-23 04:00:00,-0.01459121315377776,-0.015538226874316052,-0.024999892837700544,-0.00755987732562069,-0.008272947958155918,-0.010850577146881868,0.0029600094731023763,-0.010794561926110613
2023-06-26 04:00:00,0.003318828634851334,0.001268480285842477,-0.0003071374968477425,-0.004085875787039783,-0.003489243506508144,-0.007174520046614785,0.0012214729415649384,0.001309552649711776
2023-06-27 04:00:00,0.010178235063052599,0.008726153196130237,0.001843146836061571,0.010963466286560974,0.012185408371476303,0.01970853039617393,-0.0019313405474855605,-0.01612907671993402
2023-06-28 04:00:00,-0.006045409439503935,0.0006976558829032697,0.00996465347036879,0.0005044037028660853,0.0008302136889375422,0.0005856467920650754,0.002953627817660953,-0.0031014354692593393
2023-06-29 04:00:00,-0.005321830721063847,-0.0013943389970023645,-0.003491146542193624,0.003941284453579774,0.004793035421373881,0.0017561834667947362,-0.007717600005265002,0.0004444406137775747
2023-06-30 04:00:00,0.007898154917195921,0.012286915392883957,0.0053312421987565806,0.011800750438944352,0.01036612690143568,0.015893190132106882,0.002353764755842258,0.008440713950471856
2023-07-03 04:00:00,0.011122272159109547,-0.0011032946421968282,0.003787827661373422,0.0011506182388494324,0.002996072931116922,-0.0021280696800569654,-0.0011772598132415713,0.0
2023-07-05 04:00:00,-0.006000069247640294,-0.011184846782340552,-0.008603756341898916,-0.001487299182935553,-0.003032433151496705,-0.006167510230032258,-0.0045090495464618074,0.006167347619870478
2023-07-06 04:00:00,-0.020372094587520317,-0.01731594170070072,-0.014007230980046637,-0.00783063098881065,-0.008898158005665069,-0.002667869638990905,-0.00648559837458218,-0.0021890307768370754
2023-07-07 04:00:00,0.011296561404770644,0.007531587858071287,0.014515174502961248,-0.0025246636777673803,-0.0012366711249400808,-0.004361503281756884,0.0002073100842492348,0.008336917423487966
2023-07-10 04:00:00,0.000761598078889536,0.002820930893710605,-0.002587534725337015,0.002531053737204081,0.004356951505581685,0.002628401707319039,0.002796961642104634,0.002175786287152981
2023-07-11 04:00:00,0.010147148750038637,0.009001272257503024,0.007019646233910937,0.00636842753680944,0.007854261948871288,0.0021553428026983568,0.002169685171631741,0.011723829131887964
2023-07-12 04:00:00,0.022350558524099062,0.019096855126877088,0.005455341614839515,0.008045957535734116,0.00765698205823151,0.011335240959904125,0.00814329307588535,0.007296074632597405
2023-07-13 04:00:00,0.013018892419491834,0.016003231703649146,0.014468766108440612,0.007936983737472092,0.00845326034383409,0.01304738050214671,0.006237255336557945,0.014060472615026187
2023-07-14 04:00:00,-0.005577246025124105,-0.005654244104562722,-0.012033894559790537,-0.000622929662173366,-0.0014714239126398798,-0.0014750440938994247,-0.004775939297442466,-0.006722631916063482
2023-07-17 04:00:00,0.001219447341729074,-0.001218675309215378,0.0009021908178432625,0.0034722946471554827,0.0037955929689439394,0.01278479954243772,0.0011230979523224605,-0.008037156243401622
2023-07-18 04:00:00,-0.007306609504058925,0.00650688422951573,0.014573326823052124,0.00743051396871075,0.007962572652143507,0.011333076752167992,0.0008159656528283765,0.013219592016953774
2023-07-19 04:00:00,-0.001962536065261866,-0.000538752750364413,-0.00044415621861104704,0.0022236755419968723,0.0026037932861908697,-0.002496442014897071,0.003057230552058643,0.005471333387331967
2023-07-20 04:00:00,-0.007374666764497051,-0.005120534280772415,-0.012296256930872884,-0.006634334377122686,-0.007218863924352892,-0.01996546970587354,-0.0051811683874737335,0.002930071196812767
2023-07-21 04:00:00,-0.0014858518831566414,0.002031626994708269,-0.0016500573302763444,0.0,-8.870212356637541e-05,-0.0005106824022107492,0.0007144266465008986,0.005425839166809832
2023-07-24 04:00:00,0.013640807115222753,-0.0024330740409210794,0.0019532636369958833,0.004467258091680915,0.0035474286690859724,0.0017601304476415613,-0.0018368592412657536,0.017849663054173348
2023-07-25 04:00:00,0.008319107539020099,0.0010838597627966795,0.0014994667336940548,0.002730083990522214,0.0025185029448999696,0.011448604803679707,-0.001124339819516762,0.0036705274961599255
2023-07-26 04:00:00,0.005823702810373144,0.002707254893143496,0.002994324312093788,0.00015363608604390677,0.000749240642402782,-0.013448360326600795,0.0032751355957061357,-0.004876110109690801
2023-07-27 04:00:00,-0.012303907317247398,-0.002294711655934978,0.00910599446901128,-0.006630024602685469,-0.007707308947693781,-0.0028968184776896333,-0.008569551868788605,-0.0024500445681741034
2023-07-28 04:00:00,0.024181789195767855,0.007170853419300682,0.005621328857857044,0.009790432728856269,0.01043025921354257,0.01361449463229425,0.003910303014380556,0.006140025648656122
2023-07-31 04:00:00,0.00047694346155591205,0.0002686352888519039,-0.0041189521172401156,0.0019040441334063907,0.0030308670514116454,0.0023039152834662957,0.001229885917449769,0.0040683991186922785
2023-08-01 04:00:00,-0.012634162376617075,-0.012490005117679392,-0.012850770064018247,-0.002861590249098933,-0.002715311383333474,0.00168206042001251,-0.0066211456619375,-0.005267548394970789
2023-08-02 04:00:00,-0.023901461323309947,-0.018631855218504634,-0.019901278812375134,-0.013910778343499186,-0.014183339109807513,-0.02474104137887001,-0.0023768178958936126,-0.015071240846807332
2023-08-03 04:00:00,0.003957503008928942,-0.0027716740739170964,-0.0038168029310384766,-0.0028658729541871653,-0.002895372378916794,-0.0040749878678352225,-0.0067327225141290414,0.009511999295620521
2023-08-04 04:00:00,-0.0012318691732192688,0.002779377602760258,0.008275815915984142,-0.004522841193620342,-0.004243937636232431,-0.013600863300277766,0.008238439338211778,0.001638745020273058
2023-08-07 04:00:00,-0.0014800858895502866,0.008453473436246473,0.00820807028380055,0.00872854985963012,0.0076715755571457045,0.0028045499182791644,0.0002069749721507197,0.0004089944289167313
2023-08-08 04:00:00,-0.01210461314729161,-0.006046480871057636,-0.007387473886718121,-0.0043486198066797765,-0.004630285727537209,-0.007690740015451891,0.00237845373923129,-0.001226567840327264
2023-08-09 04:00:00,0.0025006040779540495,-0.0002764719100133428,-0.0057714753092903415,-0.006685349075599256,-0.007156530073951783,-0.012916728909146968,0.0007220388031869973,0.006958770514243984
2023-08-10 04:00:00,0.0014966001386409467,0.004287160773762455,0.0019859041389345133,0.0003590824811898763,0.00018011655570626672,0.0001189731021491447,-0.006494838404738856,-0.005284678485401706
2023-08-11 04:00:00,-0.014694840450707902,-0.006747608715709674,0.0,-0.00058305439239692,-0.000945793904998049,-0.007374903265414012,-0.0031127486015581907,-0.001634640738682358
2023-08-14 04:00:00,-0.004802861073455844,-0.0044363685686186205,-0.00808048556279184,0.0055199231374361,0.004959399343142712,0.015937700278213063,-0.0007289269933022924,-0.004911951492063249
2023-08-15 04:00:00,-0.011430078473943728,-0.012393754151452718,-0.011374114058266493,-0.011648870884326645,-0.011350383820878496,-0.00984888464603939,-0.0027083736947036696,-0.011929144819849191
2023-08-16 04:00:00,-0.008992781846943076,-0.008178324569652506,-0.012126860019263774,-0.007338053414173262,-0.008258780321937387,-0.009530149944819044,-0.0024021329638259648,-0.0041633366788979
2023-08-17 04:00:00,0.0023334724577506183,-0.007108360044852713,-0.0037771272127283817,-0.007620092699309411,-0.008190354438220249,-0.009501565204814266,-0.0010469539135210537,0.0025084278858926723
2023-08-18 04:00:00,-0.006725323187340426,0.0,0.0028435859955917575,0.00048149688036569493,0.0011533635018148303,0.0015180466523438962,0.002200710738303524,0.00708917996415348
2023-08-21 04:00:00,0.002343802872238898,0.0037228468033996265,0.0006301162093917956,0.006506275482900392,0.005760101855934119,0.019095340834287988,-0.005019650161577904,-0.0024843635139759623
2023-08-22 04:00:00,-0.0020785891360399766,-0.0018544624843274127,0.0044080358908760164,-0.002708734372536048,-0.002657373598993318,-0.0011301279174972256,0.001050939785662175,0.0004150189068543586
2023-08-23 04:00:00,0.01588138709141651,0.010861764341854707,0.011128620742810957,0.01113785036151449,0.01093345928411682,0.01804423614593098,0.00955478005060506,0.0020746710133301427
2023-08-24 04:00:00,-0.0038443030737085326,-0.013714128147213955,-0.011006137611489608,-0.013859137117666842,-0.013405500137432469,-0.02304771322227095,-0.0022880016690012273,0.0008281502659803763
2023-08-25 04:00:00,0.0010290831955044322,0.006737360240289592,0.003761796950731089,0.007049728765836205,0.006816879267123488,0.010179186709063481,-0.000625183965209497,0.009929667219181981
2023-08-28 04:00:00,0.009766188943292065,0.010536927971151355,0.012023636914184843,0.006341434530086287,0.00640463453875717,0.00817961079209839,0.0021903214029157514,-0.0016385723117285922
2023-08-29 04:00:00,0.012725879138182128,0.012399448269792446,0.007097692495178665,0.014454791648220278,0.014546124717696785,0.020048246728078478,0.006452979031746464,0.0036930333006146565
2023-08-30 04:00:00,-0.00326711519779177,-0.00055663784531923,-0.001532028062971591,0.00411875288922281,0.004435619600152707,0.007550383479369982,-0.0004138642847526519,0.0012264816625822128
2023-08-31 04:00:00,-0.01235508434539645,-0.00389930071978295,0.009513526747400247,-0.0014633514543822557,-0.0010704643521134427,0.0048624961668417566,0.0014484493124213849,0.004083264159992384
2023-09-01 04:00:00,0.011743766312197756,-0.0005591280720718128,0.006535941786087296,0.0018653028287096696,0.003304379846942984,0.0030740387161334315,-0.005179172666094911,0.011793396582566285
2023-09-05 04:00:00,-0.008074783533981167,-0.00867244792714339,0.0007551448068541244,-0.00432197666910783,-0.005964050285490519,0.003575533832078648,-0.005414439216434697,0.0048231945765773165
2023-09-06 04:00:00,-0.005596453193751572,-0.0021164812248992693,0.0013579829431487056,-0.006722420054531386,-0.006268351150927387,-0.010575009648252864,-0.000942381548135196,0.0023999793593678653
2023-09-07 04:00:00,-0.011767697895803009,-0.003252484792034105,0.0003013847156416727,-0.0030702672430389377,-0.0034243683827647198,-0.014460569464325168,0.003144178038292589,-0.001995194374157294
2023-09-08 04:00:00,0.0020708500426820375,-0.0014185564269784123,-0.009189494218649785,0.0015060152130919047,0.0010849835922928097,0.0020878080615029937,0.0005221037968874409,0.0019991831330974374
2023-09-11 04:00:00,0.012399834147977407,0.010370817740359639,0.01064327288774125,0.006576691242579535,0.006277776898662379,0.005208645501689313,-0.0011486917677090425,0.00598558312247266
2023-09-12 04:00:00,-0.0030619395892479417,-0.004077607170494657,-0.0013541362031394,-0.005485597867615932,-0.004847269622536565,-0.01813584081881292,0.00031357797746789373,0.0035700650667080946
2023-09-13 04:00:00,-0.0012796926537411712,-0.0031060455745318682,-0.002410351282098655,0.0011660397778696652,0.00013530418433504998,0.0025214432346258864,0.0014630469033973803,0.003162028200472511
2023-09-14 04:00:00,0.006663173081963958,0.013170908934996728,0.016460343096625696,0.00862219860397695,0.008567870591085658,0.007252829952591133,-0.0013565406464127738,0.00827424395004317
2023-09-15 04:00:00,-0.003818654731200577,-0.002236533552290809,-0.005794084250969278,-0.012048181071602881,-0.011758983499028375,-0.019220881988416094,-0.0022982989084546768,-0.0023445634266886506
2023-09-18 04:00:00,-0.001277832054789485,-0.003502340213750066,0.002839224851679978,0.0005865099345121472,9.051205123000727e-05,0.0048062262672157186,0.0014659229800195739,-0.0003917752139963593
2023-09-19 04:00:00,-0.005885405623829554,0.0008435204113235173,0.004768264163162117,-0.002073894262195508,-0.0025332589300562924,-0.0005315416118479854,-0.0029278097156030247,0.0007837749256780491
2023-09-20 04:00:00,-0.0041184516858927545,-0.0023879788575796868,-0.012902344555423384,-0.009193260619270727,-0.00884416034569302,-0.015715517377286048,-0.0005241846201962108,-0.008222490052847253
2023-09-21 04:00:00,-0.017317002747559762,-0.016615078864721355,-0.015024015624675147,-0.016528469924511846,-0.01677197013210796,-0.015246048224374253,-0.006820963042982409,-0.0031582832327297083
2023-09-22 04:00:00,0.011835828335269527,0.000859215018330195,0.0016778734173714671,-0.0022484773476785236,-0.0021019574956896436,0.0021335186087048097,0.0042261251702484515,0.0007920723971537313
2023-09-25 04:00:00,-0.004419001083956653,-0.00443497267336046,-0.0004568573507131024,0.004205083025909717,0.004025438565776085,0.0032234389484377957,-0.007890498726032424,-0.004748756505464691
2023-09-26 04:00:00,-0.01409922273315889,-0.012932808014688879,-0.014015706136022432,-0.01469123228023772,-0.01440556335153631,-0.018006406151341636,-0.0012726207364939235,-0.0011927489313366957
2023-09-27 04:00:00,0.0015889486073776826,-0.0018927608710805899,0.0029356757947187617,0.0003991463340919932,0.0010406015201656071,0.0015433884323099445,-0.003503756011926429,0.005573200237542153
2023-09-28 04:00:00,0.002644081501310458,0.008168285364276162,0.001386558063673382,0.005797477343729485,0.006615266551476928,0.007089197735351327,0.0029831659560917156,-0.0011876382479930614
2023-09-29 04:00:00,0.0007912270873167149,-0.0028936912804281567,-0.0150770217608025,-0.0024268313155018095,-0.0029102700981725738,0.003427782885557562,-0.0009558653079861923,-0.010701620782983423
2023-10-02 04:00:00,-0.00500661875796804,-0.0146545959183485,-0.007966247560709405,-0.00039787077966779716,-0.0013182534781250865,0.010736270783794355,-0.006962985990942694,-0.007612114558372074
2023-10-03 04:00:00,-0.013241624846451305,-0.012516581332027488,-0.01637528320859072,-0.013385988179467012,-0.014519414932891106,-0.01695935160518469,-0.007838552949037791,-0.004440902804010771
2023-10-04 04:00:00,-0.0029521282902094104,0.0017894305269814392,-0.011845746512801791,0.007281960560784784,0.007223158240021288,0.012463164960182516,0.007034616158306584,-0.027980552541952197
2023-10-05 04:00:00,0.003768495790839488,0.008782337841611865,0.020411548827654835,-0.00037676362392657925,-0.0005224011504960657,0.00133404692014083,0.0006448842959116963,-0.005840584304660834
2023-10-06 04:00:00,0.014481207290934606,0.011066830309699238,0.0038100439265922326,0.011872893929810058,0.011926865305571077,0.01871258275077481,-0.0038663762649321365,0.0037767195878584126
2023-10-09 04:00:00,-0.004758235255440835,-0.0014594571591419747,0.0025304303241053816,0.006402000220156356,0.006292276852570611,0.005171681524985372,0.010350384244067978,0.020903095725185672
2023-10-10 04:00:00,0.014342530095202255,0.013738739105900732,0.012462621170646226,0.005204994029216259,0.0062063157649772105,0.0015377841258681357,-0.0009602103420179864,-0.0024570675673294406
2023-10-11 04:00:00,0.006284336282696978,0.004181190832462489,-0.0028046581789538116,0.004096230140182122,0.003941743035619227,0.009270555682308279,0.004592996142549044,-0.00574716373484907
2023-10-12 04:00:00,-0.011189175743388846,-0.008327448150336703,0.001406148926637485,-0.006096342950449363,-0.008037551287569666,0.0009361827316067828,-0.00861263534024126,-0.00041287839425818706
2023-10-13 04:00:00,-0.0036840962600930283,-0.00926593977294865,-0.012794437461182473,-0.0049809645512634,-0.005634773682636429,-0.0143208195360357,0.004289974451317846,0.026435392930211243
2023-10-16 04:00:00,0.007395753378319325,0.007306766364401973,0.004425516347954295,0.0105214551812165,0.011614258598952487,0.009606863956071576,-0.005553117937251328,-0.00321928831436169
2023-10-17 04:00:00,-0.0026220013754864047,0.0005802179654668116,0.0007867463650996775,-4.597341094936258e-05,0.0012962115357195714,-0.004640264445606723,-0.007195082376881379,0.0028259749030485892
2023-10-18 04:00:00,-0.015247126843838,-0.01739887103308202,-0.016823899538209175,-0.013324977781471015,-0.01479490585269494,-0.010267769169750363,-0.004651123997489015,0.0088566917202757
2023-10-19 04:00:00,-0.005872945704043286,-0.008853534783549222,-0.007036583262398199,-0.008786536586438798,-0.009432657533308797,-0.005723990381202082,-0.003803417306942447,0.010375094860053169
2023-10-20 04:00:00,-0.012083840197457119,-0.008932560740950501,-0.0067644004355963405,-0.012287940019418242,-0.012364981361565497,-0.016910471076681866,0.0035996820627635095,-0.0075039683527459156
2023-10-23 04:00:00,-0.0008154213948053934,0.0007511640110040574,-0.002107950160340377,-0.0017332752938986618,-0.002734180864112812,0.0011589441358443864,0.003913290046819062,-0.006366837687075799
2023-10-24 04:00:00,0.012785649343352246,0.005704035230911453,0.006499800960559243,0.007539472105174694,0.007551718476972447,0.006884718462379036,0.003573053108761881,-0.010812966882128516
2023-10-25 04:00:00,-0.0131613941844132,-0.007164250876847467,-0.004036173586989378,-0.014352194513548966,-0.014847013745512672,-0.011799461239261677,-0.007444489454296654,0.0072873865794214066
2023-10-26 04:00:00,-0.00489918636113662,-0.007215768083614793,-0.013940657825919356,-0.011974571219580121,-0.010370212054123362,-0.019104825971335337,0.006739211984993387,-0.008440442243793145
2023-10-27 04:00:00,-0.0008206599481914711,-0.003028527988097496,0.008055288942597105,-0.004532852694208889,-0.005386419489004979,0.005805487988177482,-0.0003238952966388986,0.01337654073990735
2023-10-30 04:00:00,0.010402365407012004,0.01275823908348328,0.006849276421993844,0.011955761476885263,0.011520338136977726,0.01073741426108521,-0.0023760017511441633,-0.01599994671209415
2023-10-31 04:00:00,-0.005689499962962752,0.003599196679039629,0.012795554928594077,0.0062802947317173174,0.006473269583688879,0.007123148271277913,-0.0006498952795160884,-0.0036585906101629373
2023-11-01 04:00:00,0.00926435794929481,0.009414343250833568,0.015032764206090565,0.010664702440064344,0.010010184805151034,0.019328087990250875,0.01105056854896902,0.0016318869067544206
2023-11-02 04:00:00,0.017548502388333054,0.020429294230830175,0.015282820017017862,0.01916446694840168,0.019869778322886278,0.016927865037651646,0.006018484375804434,0.01059071306445225
2023-11-03 04:00:00,0.02042987420337683,0.010590480426254434,0.016759745161671002,0.009123404791597567,0.011267059684972658,0.010293523790635417,0.006088808742904961,-0.005239777688378799
2023-11-06 05:00:00,0.008060389541516555,-0.005024618721757079,-0.011904756846622178,0.0023004386479994476,0.000417815417902645,0.006578972182085696,-0.00499028459177675,0.004051828904520827
2023-11-07 05:00:00,-0.0018055147806056437,-0.0060596927496570085,-0.009576654237742344,0.00284599688229914,0.002969770463103316,0.010931768361383876,0.00533560227617369,-0.021388202675239443
2023-11-08 05:00:00,-0.006718474705094901,-0.0013062486331805179,-0.01356838789647008,0.000732437737449132,-0.0001387293273292789,0.005664248376902936,0.0033967756014190442,-0.011134011729006743
2023-11-09 05:00:00,-0.00936514606892569,-0.000145444371928094,0.003794445288730408,-0.007798764274342784,-0.008514143376460837,-0.004665130636294257,-0.008357254413572046,-0.0025021514194973893
2023-11-10 05:00:00,0.007090287008062468,0.004506420172084802,0.008347756345911561,0.015604896745595731,0.014887831580263855,0.02612179066137932,0.0023468895426155267,0.005016767648550413
2023-11-13 05:00:00,-0.0002607851469731415,0.002605018783022439,0.00046869415038641726,-0.000953379293350598,-0.0005979173298843454,-0.005848919439756739,-0.00010645051355917534,0.014559118480721223
2023-11-14 05:00:00,0.026604013464300413,0.02554861789276086,0.019984399082472848,0.019400884649678263,0.022178270475251782,0.020003272070030276,0.012559913858929184,-0.001640002226309889
2023-11-15 05:00:00,0.00838416799721009,-0.001548325923055316,-0.00795972757822172,0.002117056088494218,0.002475802331200816,0.0012634183656003994,-0.006201889463678278,-0.006570871574325454
2023-11-16 05:00:00,-0.009574160765644102,-0.0007048350493940037,0.003703234620500373,0.001223082019939703,-0.0006734939809621698,0.004992629697896156,0.005500267746234133,-0.02397681737320223
2023-11-17 05:00:00,0.0012718797639807988,0.013542018457091354,0.015834038132131578,0.001243781008535727,0.0025162401551368507,-0.0020744328675179613,0.0019986444154667105,0.014400642246663375
2023-11-20 05:00:00,0.012449357026730556,0.003757970760102314,0.0012106469040817913,0.007697581631093797,0.0075298435984210155,0.014496707176994805,0.001574877404752817,0.012526076005427988
2023-11-21 05:00:00,-0.006273622582364857,-0.0038825397505745096,-0.003778726962797463,-0.002179268789983313,-0.002713577210943008,-0.008088537589908462,0.0010481825522266064,0.005773233119201748
2023-11-22 05:00:00,-0.0020201248696657403,0.0023664836973349423,0.0071308053869980625,0.003860627083902113,0.004282350078643082,0.004457930643101404,0.0009423510935289148,-0.008610184538277443
2023-11-24 05:00:00,0.0005061290353116643,0.007637759078786832,0.001958440372353598,0.0006154123580903725,0.0010658839939152731,-0.001948393126629977,-0.004603022826330294,-0.006616895168636949
2023-11-27 05:00:00,-0.00404658138153835,-0.003445383604304464,0.0009021747865587404,-0.0018009361832637127,-0.001286646733910879,-5.4283449268943684e-05,0.005675415429149178,-0.006661145622270159
2023-11-28 05:00:00,0.008379807532943317,0.0002765483678688341,-0.0006009276473315506,0.000990103417726651,0.0006218922695924167,0.0018980163550104123,0.004389075379959584,0.012154127797152192
2023-11-29 05:00:00,-0.00579193356594454,0.0020738697696141006,-0.0012025181807873153,-0.0007033892895021987,0.00044402165015555717,0.0007578183780598824,0.0048902415264020505,0.007039364544799032
2023-11-30 05:00:00,0.0020263657379473443,-0.0008278091099233054,0.001956497071269103,0.003937438919370484,0.004127215880855184,0.0014602630992999188,-0.003313253668224325,-0.01685858132090412
2023-12-01 05:00:00,0.004297243802390716,0.010494305981192165,0.008861440355138583,0.005915902250798188,0.008441676341953475,0.002268337778236873,0.00879300487228063,-0.0046006343471185485
2023-12-04 05:00:00,-0.011326508625978837,-0.00778901666454368,-0.014440979538768217,-0.005249470537360135,-0.0035937624332808005,-0.01217799937913544,-0.003821215705601899,-0.006722631916063482
2023-12-05 05:00:00,-0.006109847569921167,-0.0035808236388125136,-0.004833810142230499,-0.00019698064791218162,-0.0019353538483263266,0.006000373240632184,0.006634938353647923,-0.008883261857070335
2023-12-06 05:00:00,-0.0012807778125734082,0.0030409010272882675,0.010928961418765093,-0.004029763708907064,-0.004230759536002049,-0.008458810667985706,0.002574604186081908,-0.024327666932936642
2023-12-07 05:00:00,0.00487297261434505,0.004822806065120533,0.007507465815727032,0.007630450643352216,0.008010581728846722,0.012140337227184439,0.00030818232358020836,0.0017496739013569407
2023-12-08 05:00:00,-0.004338922284270463,0.0030170216880527345,-0.007153344268754358,0.004298970013385084,0.004785779881769425,0.008536903171620258,-0.00503181760365512,0.004366866893357191
2023-12-11 05:00:00,0.005895864417154506,0.002461017549550748,0.005703900751768742,0.003889679106546584,0.0041074542446013496,0.008732373766024537,0.00010310410824887484,-0.003478322552760482
2023-12-12 05:00:00,0.00025487029961812624,0.0017730199755687792,-0.00134324640873007,0.004567181019446531,0.003785998026530679,0.006638726579506038,0.0029928753079375703,-0.015270467467174975
2023-12-13 05:00:00,0.009936293590930623,0.014567656684772556,0.01479594123229222,0.013790093110828794,0.015520847522123793,0.008810782764035352,0.012552909184214922,0.011519710851475073
2023-12-14 05:00:00,0.01463180390075669,0.007380717634629441,-0.0032400994520764836,0.003209297057494842,0.005934013482650213,-0.0024578469844445117,0.008070827209565978,0.01664471506544629
2023-12-15 05:00:00,-0.005967248704132566,-0.009724175858929818,-0.009012923200591327,-0.001646304713961766,-0.0013580637224425152,0.005032850555868107,-0.0023250212846326335,0.0017233803757326083
2023-12-18 05:00:00,-0.0005003056483271484,0.002421077077616074,-0.0019382329373182072,0.005624990215469694,0.004334719073790572,0.0029904919301693145,-0.0020267421695182586,0.007174774299734787
2023-12-19 05:00:00,0.008508557009164308,0.008454212416617368,0.0043321836689032,0.0060808541966526075,0.0073201841490728725,0.0038049643509709963,0.0012185639343309518,0.007616505886066882
2023-12-20 05:00:00,-0.01800169973808685,-0.010091661516994366,-0.004701309275236709,-0.013857218089185719,-0.014912170616489862,-0.015110539544990753,0.003650671360919233,-0.011560668854634581
2023-12-21 05:00:00,0.018795097655102788,0.016197037991536822,0.017979624146583273,0.009481945360949373,0.011057551662892573,0.01123003981690851,-0.00010097318804147548,0.0017994010793511706
2023-12-22 05:00:00,-0.004801560062833832,0.0009376429004350761,0.004640088929783293,0.0020095890472051625,0.0022872591946203613,0.0013035306140725123,-0.0013135970712540024,-0.0017961690508224715
2023-12-26 05:00:00,0.00787186961614661,0.004549683372108149,-0.00014900396313344277,0.004222597444946796,0.00494437536724579,0.004165466941559615,0.0020235454225494554,0.009896570364499535
2023-12-27 05:00:00,0.0057949558317413885,0.0053283819639768915,0.0058113231059377934,0.0018081088215451402,0.0018922561844840757,-5.1873296361359955e-05,0.006361762895450207,-0.004454374477289691
2023-12-28 05:00:00,0.00776558287564133,-0.0026502267810107893,0.006222126578790732,0.0003776766490628525,-0.0005035487452901277,0.0011928284719679993,-0.0022074025046402435,-0.008501107024538102
2023-12-29 05:00:00,-0.0004970946178828317,0.0010629076587471697,0.001030627662928607,-0.002894948106463402,-0.003821495583566592,-0.003056000448949714,-0.001910798133461955,-0.005415164582433629
2024-01-02 05:00:00,-0.011688698975106715,-0.011147949433919724,-0.009413081656917122,-0.005596291002696874,-0.006702641826444755,-0.026184482921708385,-0.0047355938482841475,-0.008166972373191528
2024-01-03 05:00:00,-0.0055359540682407005,-0.007515821907588038,-0.004602769746840152,-0.008166782906460002,-0.00959128694185929,-0.010189904520193083,0.0005063257732282889,0.012808726993050135
2024-01-04 05:00:00,-0.003289460354753526,0.002298889465934373,-0.0017899485695248574,-0.00322109102711865,-0.0025709904976285447,-0.007330455834103189,-0.004047416501172352,-0.00541996591115923
2024-01-05 05:00:00,0.0012693372891257049,0.0006745182115139858,0.005678489830162947,0.001369706964978068,0.0015034768903097184,-0.0002715069614085408,-0.0023366772163878613,0.004995384461113028
2024-01-08 05:00:00,0.0027889820453215197,0.010651243617533668,0.014115776842405836,0.014275953985142475,0.014284620684375637,0.02509250168954269,0.003767924187261462,-0.014459985119567809
2024-01-09 05:00:00,-0.014159144510042854,-0.008938035317998194,-0.005421295430024786,-0.0015170476465576899,-0.0018609257441077887,0.001589352585285031,-0.00020309235869908626,0.007336025991607986
2024-01-10 05:00:00,-0.002308367112014431,0.006461043991932369,0.017088986852185517,0.005655375193860612,0.005169348960807563,0.008516747774867106,-0.0019278914861542429,-0.006827449535109387
2024-01-11 05:00:00,0.004113124788012845,-0.00013364670504045773,0.007966293001976377,-0.00044073918499221154,-0.0006744812558187041,0.0050877547893515285,0.005693328707643275,0.007332756117236716
2024-01-12 05:00:00,0.003584191757408872,0.004146653818028367,0.00919688256621276,0.0006928025591457221,0.0001686850285262942,0.0032356644987143746,0.00181973748180142,0.0036396434014198675
2024-01-16 05:00:00,-0.024234703663607915,-0.016784345539339274,-0.009682471024011874,-0.0036712300578318757,-0.004639201234066137,0.0024968583120970056,-0.007467247266725208,-0.008612771383357809
2024-01-17 05:00:00,-0.014901987374146386,-0.009483875279977627,-0.012221590598082699,-0.005558600003590208,-0.006016693750971913,-0.004929370787692289,-0.0027450649651196146,-0.0013717884880745101
2024-01-18 05:00:00,0.008227231131623602,0.008890736177924019,0.008151523750702383,0.008892771388741894,0.008824000827138523,0.02028456804494949,-0.0009176497339086209,0.0064102281040296916
2024-01-19 05:00:00,0.01052902032374714,0.002304704434590521,0.003176575565486006,0.012466195543228142,0.012169247673513572,0.023050296418375193,0.00020435577478306044,-0.00181977599606864
2024-01-22 05:00:00,-0.008856453481185023,0.0031111412424280616,0.012377508276149252,0.0021143551101241442,0.004341688325225634,0.004396226924287205,0.001836281507783255,0.004102052216595542
2024-01-23 05:00:00,0.008672803777814542,-0.0028317878745792724,-0.008956415056128986,0.0029164145421731735,0.0018290441057899898,0.004028911155967707,-0.002443833053739075,0.005447119636899922
2024-01-24 05:00:00,0.011203816732909821,0.007572737252128148,0.0015778109576782828,0.0010931206991062759,-0.00016604925617147437,0.006885960785796952,-0.0022460379545505837,0.008577866227883257
2024-01-25 05:00:00,0.0012883070311107137,0.002818380414933097,-0.0038669718768830075,0.005438877599099223,0.005560579503182339,0.004182101876092359,0.004501941028334677,0.007609686710640773
2024-01-26 05:00:00,0.0007719293519803383,0.004416556659048165,-0.00747670742661366,-0.0012703058682072,-0.0008252799640762198,-0.011514075171541571,-0.001120789397640598,0.004442501417848188
2024-01-29 05:00:00,0.0005143230585562542,0.00586270882099682,0.012168662022407739,0.007919281414227708,0.009086410954198154,0.009169784543437753,0.003976965711274927,-0.0084034382589393
2024-01-30 05:00:00,-0.007967056077065049,-0.0013246582066009926,-0.003721176596559239,-0.0007734255133362566,-0.0013917514969012945,-0.008251481081099077,0.0019298170919117563,0.006690502556591316
2024-01-31 05:00:00,-0.005440509116541148,-0.005040461457664458,0.001436627834717541,-0.01631728321560555,-0.01684558687996751,-0.020998471020270082,0.004561549806264331,-0.010633588348239242
2024-02-01 05:00:00,0.00963793518310796,0.009865344881644367,0.013197478277821473,0.01308815665571661,0.01346563047006466,0.012596187136723058,0.00569798788660969,-0.012091406440286279
2024-02-02 05:00:00,-0.0028379117274621724,-0.007920772950272159,-0.005663302453972507,0.010527377118547676,0.008556151575962234,0.010341259248603185,-0.009157775899049758,-0.011332718558238586
2024-02-05 05:00:00,0.0012936402740200137,-0.005322709900845601,-0.004271724132108856,-0.0036411612708775465,-0.004731193330872463,0.002274468399705798,-0.008226543725604496,0.004126503105056578
2024-02-06 05:00:00,0.02273909726484291,0.006153813765608307,-0.0044329550274330165,0.0029032565870554805,0.0034013663844447706,-0.00458804235908028,0.005222624741296533,0.003653030874340324
2024-02-07 05:00:00,0.0012632439049542477,-0.0005318777764956595,0.006032768427548296,0.008340382289173442,0.007882386635909677,0.013232836876933662,-0.0020374633360802363,0.004549622808736942
2024-02-08 05:00:00,-0.005551319720929038,-0.0017294179946351074,-0.0037122557904518683,0.0004417211852392189,0.002471779345337044,0.003130477149338562,-0.003062352708115168,0.005434784586854091
2024-02-09 05:00:00,0.004313615848544172,0.0034649329803635442,0.0032961160544093815,0.005779469724414232,0.00610374267454894,0.013458202672203656,-0.0003073073851770358,0.002702703681118024
2024-02-12 05:00:00,0.007832191157292723,0.0017263275982739579,0.00514215500721904,-0.00043898902997518974,0.0009642548615504953,-0.007601976079851802,0.0002049345680241732,0.0004492214172377995
2024-02-13 05:00:00,-0.018801696145680724,-0.015378529933666396,-0.005115848521129895,-0.013773118309779453,-0.016015091816189098,-0.016968995483759075,-0.009216879862296135,-0.005837526860436482
2024-02-14 05:00:00,0.014307563160726788,0.011175512124011577,0.004570742545368489,0.009087705573172844,0.011054474788220192,0.010455929884826798,0.004444677721685997,-0.009485053780399988
2024-02-15 05:00:00,0.004785935518311968,0.01131822399811755,0.010379720101623136,0.0068997006999875765,0.007705961128979144,-0.002098903493632842,0.0023667525340225204,0.002279997969751646
2024-02-16 05:00:00,0.004763139440087105,0.001580086680994297,0.0007036015970405263,-0.0049799241231466285,-0.005244793043872598,-0.009195326675623394,-0.0031825067954502906,0.002274811404368471
2024-02-20 05:00:00,0.0014968649158348946,0.004075037285810268,0.003796930794161879,-0.005505338880938515,-0.006278755666035196,-0.010169353738899711,0.0009269087926373487,-0.005447119636900255
2024-02-21 05:00:00,0.0017440241896145015,0.0007856986568024471,-0.0011207813184607174,0.0009057960273910481,0.00020257131698264708,-0.006283962268133547,-0.0029839310976879085,0.004107669091738764
2024-02-22 05:00:00,0.010196382032360285,0.011250540535060027,0.015147251327518152,0.020695425093507636,0.019761124854362544,0.03272267080764535,0.0008257483126759002,0.00272727388960603
2024-02-23 05:00:00,-0.0004924180978699289,0.0012937428346648794,0.002901255565284533,0.0006897414535529389,0.0006750619186757234,-0.0023326823243891015,0.0037120570714090917,-0.014505868825210322
2024-02-26 05:00:00,-0.004433465216192478,-0.0014211766916043533,-0.0008264400637508773,-0.0036626148046726703,-0.003015931428695273,0.0009742235224867724,-0.002157152347916136,0.009199697311252919
2024-02-27 05:00:00,0.0019792251896748603,0.0027170076084153116,0.001792459730157736,0.0018578296503410918,0.0027862671802310057,0.0008759852493547271,-0.0013386011795252228,0.0077483310286725615
2024-02-28 05:00:00,-0.013086345266880794,-0.005806412181251885,-0.006468580177357741,-0.0013216510737198428,-0.001667176873995646,-0.004716422373478024,0.0019586959384043645,-0.004070512537994508
2024-02-29 05:00:00,0.0005004258652452354,0.0025956766431072253,0.005817999011638264,0.0035949992608652614,0.004214481307968088,0.011138310608232116,0.0016464035871226468,-0.0013624439390179655
2024-03-01 05:00:00,0.012252982764405118,0.00970873984184939,0.0154249218509519,0.009388165391919667,0.009185037150556852,0.0182626699094246,0.004800888549224114,0.005002291045461238
2024-03-04 05:00:00,-0.002223303758755457,-0.002564163606933567,-0.005425292688059802,-0.0010723911802535957,-0.0009807029988849747,0.0,-0.0024610650536227574,0.0031674069101474966
2024-03-05 05:00:00,-0.0089131281154462,-0.0017993973353911397,0.004500295111782959,-0.00999417176594286,-0.01060276980983943,-0.02457769848412228,0.005447876842449961,-0.007668038078100459
2024-03-06 05:00:00,0.014489134905150802,0.011846447651323588,0.015612155308177389,0.005067306128885951,0.005913818123608472,0.007928852267734321,0.0015333603175966548,0.00818182166881809
2024-03-07 05:00:00,0.006156116600922523,0.011835119392058724,0.0006684365113578394,0.009926422895233822,0.009745963862477725,0.015780941505759705,0.0021436790777866754,0.002705140909098791
2024-03-08 05:00:00,-0.0009789559364677958,-0.0032700374653032993,0.0005342877913521171,-0.006002278495556901,-0.00578325503534971,-0.014870668065705916,0.0009163819403021911,-0.0031474682845591406
2024-03-11 04:00:00,0.002204785346798799,-0.005678294136867379,-0.022697032281475904,-0.0008597468245227224,-0.0016115213714434917,-0.0027489709172893173,-0.001119195911052473,0.008570218845219246
2024-03-12 04:00:00,0.010999770287148491,0.007994929927536587,0.005054798685688366,0.010757386490317433,0.00988120114128499,0.020504937538526447,-0.002546884513638381,-0.002683453888379872
2024-03-13 04:00:00,-0.0031431208357757257,0.00012600403272333693,-0.007883703601671677,-0.001567437987574749,-0.0012474734609427829,-0.010804718703530058,-0.0018383901247985834,0.013901426217693524
2024-03-14 04:00:00,-0.005093372656778561,-0.0073011722148172975,-0.0045210445002241695,-0.001976853848006277,-0.0038639908649044097,0.00019155062665365818,-0.006344113461849821,0.0030959614764287657
2024-03-15 04:00:00,-0.006094585382802609,0.00038044502589329454,0.0070189377326148605,-0.006866679779082729,-0.005916422213838035,-0.015087583350582912,-0.00010279570547877537,0.0035273085812543847
2024-03-18 04:00:00,0.0017169786502393425,-0.00025353356167978625,0.01544344530770303,0.005943142868331419,0.005084502140459524,0.0049149310077447605,-0.0010300397789433369,0.009226672923713819
2024-03-19 04:00:00,-0.0048971765082811425,0.0017750852376117177,0.0043068328908100195,0.0055571849742859225,0.005764641576182283,0.005186574578738945,0.0024744300511103656,-0.00043533606290879767
2024-03-20 04:00:00,0.011318888745792899,0.010631440186895658,0.006700757653770983,0.009249323251675934,0.010137685607526148,0.011187868371498988,0.0020566199769020965,-0.0026132414852851893
2024-03-21 04:00:00,0.0012166205072494662,-0.0005008724127298914,0.004792258113559988,0.0033046038097594987,0.004130294826643066,0.0007152372424568121,0.0007183642670787194,-0.0013100003360324575
2024-03-22 04:00:00,-0.007047482708998132,-0.002130094910782643,-0.0003975018363530092,-0.001895788451977909,-0.0028123356935597643,0.00033360228003531667,0.0031792546925324405,-0.006996096558519294
2024-03-25 04:00:00,0.0007342408503085984,-0.0021345431020617367,-0.012723669480718791,-0.002762748061474918,-0.0022436513478508724,-0.00662187570842121,-0.0018399996729181467,0.008366347018054165
2024-03-26 04:00:00,-0.0007337021362282536,0.0011324753596511083,0.005235574130155962,-0.001847093218508844,-0.001783500744499289,-0.004124287307590735,0.0010239334511250586,-0.00786026522703187
2024-03-27 04:00:00,0.0017131967867762832,0.006033267081622551,0.004540702389900897,0.00840402813844654,0.008816974796699517,0.005104512352515966,0.0032739883727010977,-0.0008802525760698288
2024-03-28 04:00:00,0.0036648300845869564,-0.002248919187742726,-0.0031906953039996244,-0.00019116496496762725,0.000654320743622705,-0.0021559782183405707,-0.0012237187394797955,0.011894233434742052
2024-04-01 04:00:00,0.0017040218128481222,-0.004257522366722166,-0.01373701090816326,-0.0017399574298924136,-0.0007693207498717936,0.0027847695598948174,-0.007270618099726178,0.004788871631142166
2024-04-02 04:00:00,0.003159065826970009,-0.007042105099633877,-0.005408941986557503,-0.006357936595122515,-0.009241636231382189,-0.009624022690666645,-0.000722152517986685,0.00909883405111156
2024-04-03 04:00:00,0.0007267703851239204,0.005572394643924339,0.0076137857007243515,0.0010984241663800631,0.0015547302739200575,0.0026590185187136406,0.0006192705434275858,0.012022273988625098
2024-04-04 04:00:00,-0.0036310237665978518,-0.008564276868445408,-0.00904059900968579,-0.012206084852630528,-0.011990745985782536,-0.015815709675452427,0.0023727029404385647,0.002545609873587207
2024-04-05 04:00:00,0.0021865726673861996,0.003175813719179521,0.0021786864974231435,0.010446787236591648,0.010093869126194921,0.011464420204190695,-0.004940281504195787,0.005078292395910511
2024-04-08 04:00:00,0.006545500684357997,0.004938597331148653,0.005434769359365266,0.000559423350416477,0.0011665466107555478,-0.0011623692446239842,-0.0009307315634229374,-0.00042103870425991285
2024-04-09 04:00:00,0.006743572651376484,-0.0001261151699198937,0.004999940436738903,0.001156829800164516,0.0014369503068998313,0.005043391075836956,0.0034164396154745535,-0.005475977947812072
2024-04-10 04:00:00,-0.013636295253689257,-0.013232458880723552,-0.017076848018926838,-0.010013202234619767,-0.011169232575770072,-0.01225569966767015,-0.011968583086538809,0.0050825940683270066
2024-04-11 04:00:00,0.006063543388259429,0.0026820613706690644,0.009439246900727838,0.007546936386148451,0.006785144745105054,0.019979347161338312,0.00020878852271088988,-0.0016856588691784857
2024-04-12 04:00:00,-0.02290261283554973,-0.01617630242400503,-0.012196798027317213,-0.01380316404547477,-0.01441376772346159,-0.016187741895367203,0.001879287306309152,0.0012663152262384347
2024-04-15 04:00:00,-0.006414975458859384,-0.002977716077201653,-0.0037042083167129203,-0.01252810412533445,-0.012292468518255495,-0.01898541548314181,-0.006044325831780273,0.0012647984039078075
2024-04-16 04:00:00,-0.013161183543384802,-0.009868960484004208,-0.013907997117141746,-0.0018237873878558242,-0.0030014141337632028,0.0011908816542389733,-0.0028305860825769136,-0.0016842394139262584
2024-04-17 04:00:00,-0.0007549341002779375,0.000655882375400374,-0.012009564947409124,-0.0059182522306536756,-0.005860141886266268,-0.014422997839025453,0.004626248788242693,-0.015605222569852306
2024-04-18 04:00:00,0.004029225953668281,-0.002752467279453552,-0.0011307614528879295,-0.002057621045539415,-0.002059087957644423,-0.011415714230301077,-0.002825716280056789,-0.00042843485181942587
2024-04-19 04:00:00,-0.00401305644249661,0.0003945017112481075,-0.006226062786080622,-0.00872844238874737,-0.00784881211124755,-0.02060226279806676,0.001049285446320214,0.004714975595787596
2024-04-22 04:00:00,0.010828470980356775,0.011691975453994141,0.010679310330272251,0.009209131560743211,0.00982749420715856,0.008933634829476178,0.0006292792620290477,0.0
2024-04-23 04:00:00,0.008221327889100127,0.010907647859436542,0.0016904809688178535,0.011866634201315618,0.011912417306275236,0.014826290069718029,0.0020954706348332852,0.004266241882509014
2024-04-24 04:00:00,0.0034593162863023608,-0.001926802916078385,0.004500670673334151,-0.0004746069975958278,0.00023943253994374025,0.004565472250145364,-0.002614006951283887,-0.0012744696552117185
2024-04-25 04:00:00,0.0022162827677885133,-0.0046331936074018865,-0.014561779068342329,-0.003798903452181035,-0.004747588078669596,-0.0021714178685200425,-0.002830372689704319,0.0055295499291789785
2024-04-26 04:00:00,0.01154778294659331,0.008016649824153177,0.008525351317564933,0.009473933363026488,0.009300015267876827,0.011285447763659917,0.0022077426100108877,0.0008460807085350908
2024-04-29 04:00:00,0.009715846820344431,0.0038480672008360806,0.00887565705206761,0.003541486119242432,0.003932026265181188,0.004303640105548956,0.0030420513848432584,-0.0008453654611267902
2024-04-30 04:00:00,-0.013952371350649972,-0.012650235496547535,-0.005166923583913907,-0.015841273875022543,-0.016457647600565672,-0.022023855961727734,-0.0040786301033961525,-0.012690360722749539
2024-05-01 04:00:00,0.0009757558963670032,-0.0022000131155607283,-0.0019651943988564513,-0.0032471668329313585,-0.002493882387202606,-0.010241111323959662,0.003528793622729509,-0.01456721537661898
2024-05-02 04:00:00,0.02583489549598328,0.013488908988874337,0.020675062198437066,0.009353455448491088,0.010363321418480398,0.01441359880743387,0.004513377025622489,0.0034782330677347595
2024-05-03 04:00:00,0.00902825755807668,0.00998211050163711,0.010886107219346464,0.012395258629526174,0.011853453197245623,0.027859634710416525,0.005120074728782731,0.0012998707441682633
2024-05-06 04:00:00,0.0009418445696192101,0.00684240572724204,0.005316220022089313,0.01032690148103832,0.010728568723931131,0.011750022453963505,0.0007278431839297106,0.011250515986989562
2024-05-07 04:00:00,-0.005645749998736793,0.0026429071067168852,-0.010169494035435545,0.0011034306324262388,0.000897531832720011,-0.0032692972248089536,0.0020777090952879274,-0.0008557697052711255
2024-05-08 04:00:00,0.00023655212707951456,-0.0011297311380132902,-0.012191789561494137,9.657748170521785e-05,-0.0007018623620235198,0.002839590338938658,-0.002073401170817224,-0.005139274184110865
2024-05-09 04:00:00,0.003074819909542059,0.007665232447091386,0.004992404344615453,0.005761880019444998,0.005891675704792876,-0.00029291378178442073,0.0018699051485657758,0.003874345450115557
2024-05-10 04:00:00,0.0021221252602809937,0.0018705775054812523,-0.0034496682253649658,0.0012881210757760275,0.0009307287563573574,0.0037112282926119455,-0.0020739136664290614,-0.0017152091180061557
2024-05-13 04:00:00,0.007529437713818199,0.0,-0.0042923916205411805,0.00013434291479974547,0.0005426849325049776,0.004719250212583015,0.000519617888370405,0.006443258041018973
2024-05-14 04:00:00,0.005371180556917432,0.007468339913279998,0.0061187011312671125,0.004588048646487097,0.004880017943928783,0.008861587819576577,0.0027001968981301694,-0.0042680626681119715
2024-05-15 04:00:00,0.010685242396526018,0.0106251442986538,0.010366169312373552,0.012383187091416836,0.012295435182901437,0.022511170699318628,0.006628682608311065,0.00342903401518746
2024-05-16 04:00:00,0.0020685647107150373,-0.005379023951618933,-0.008891881782367661,-0.00205767678770008,-0.0027034496597019286,-0.0034736682516630646,-0.0011319852418182341,0.002563008398373201
2024-05-17 04:00:00,0.004357835786499065,0.0034415185079055277,0.006073204282318612,0.0014375914497448683,0.0014125376144371593,-0.0022138854507528505,-0.0031931003481125986,0.01022582471885869
2024-05-20 04:00:00,-0.0036537256709661126,0.0007348838724456908,0.006996897391075008,0.0011521814686397125,0.0010294633325467206,0.011755318589466324,-0.000930107372725586,0.008857068601034745
2024-05-21 04:00:00,-0.006188445769701012,-0.001591191490582955,-0.005313428850984403,0.0024526084036122775,0.002056455892207376,0.0016332205373967845,0.0018620287898616361,-0.004180631643951216
2024-05-22 04:00:00,-0.0032287482999593387,-0.009439666198895469,-0.01287492885045527,-0.0028793475216113418,-0.0033825036074865977,0.0022359681510180085,-0.0012391001092912912,-0.014273753699304836
2024-05-23 04:00:00,-0.007404004730798275,-0.005074285482799201,-0.004301325512282239,-0.007304319826777594,-0.008504302395744956,-0.008134241589724867,-0.002790776646727111,-0.005110649301041215
2024-05-24 04:00:00,0.002797121301305161,0.00821000528143312,0.011008875502278803,0.006616500353154198,0.007230895214947131,0.008435252672716054,0.0011401863905999843,0.006849346291027514
2024-05-28 04:00:00,-0.001394750410766754,-0.00037026232415815485,0.004272974901514459,0.0006988639083373993,0.0,0.0042289371056729586,-0.004659520690797225,0.017857148958867697
2024-05-29 04:00:00,-0.014897450129764178,-0.015798595919914837,-0.019352365020190443,-0.00700254196671779,-0.008210020438836008,-0.006339694097174942,-0.003848745365746198,-0.01044284704422449
2024-05-30 04:00:00,-0.0028356407293772534,0.00840244425053771,0.00993717653514814,-0.006633773121481501,-0.004889911497174548,-0.022819362562509715,0.004699005212011942,-0.013085681393528503
2024-05-31 04:00:00,-0.00971555828617654,0.009575842808225099,0.012333710852887148,0.009108045067241388,0.007699750880557854,0.0015727503968674394,0.003222222451766399,-0.004704892171784381
2024-06-03 04:00:00,0.010528777349585683,0.0028332922697218432,0.007392083052246035,0.000815533343335062,0.0003070902215871474,0.002521822025735032,0.006048877998410029,-0.014181312124078138
2024-06-04 04:00:00,-0.01397108999733443,-0.0012284278501121237,0.0019025445990716872,0.0011178388339905254,-0.0001151531584493437,0.0020884166641019775,0.0036156110886271797,-0.010026173590003018
2024-06-05 04:00:00,0.016090283283387352,0.007010263746863643,-0.0042045886072767935,0.011884993384097875,0.012246227231183182,0.02221376574046352,0.003087895500218929,0.003522737617799754
2024-06-06 04:00:00,0.004963359852590221,0.003419662202412077,-0.002451610366827728,-1.8612845869458994e-05,-0.0008721824583183269,-0.0033361390789820033,0.00030791217167225327,0.013163584563781194
2024-06-07 04:00:00,-0.011288752813783165,-0.010832630953228062,-0.00614414208676084,-0.001215637994912977,-0.0018980306288706172,0.0023244705438130175,-0.008822228545875999,-0.01429186375924052
2024-06-10 04:00:00,0.005946621718673661,-0.0007382296662020726,0.009479231205594463,0.003089730791882239,0.003346688802283282,0.002551052041718238,-0.0008281525267302969,0.014499082673443242
2024-06-11 04:00:00,-0.00333325359631631,-0.011363377627217286,-0.011647876390160516,0.0024082741236772787,0.0017056266571979783,0.018598196970155634,0.0034185501147490083,-0.0012992207894817476
2024-06-12 04:00:00,0.010033389339004772,0.011785446599795302,0.0068017682019270165,0.008213125459963777,0.009421847906745606,0.022119314101252785,0.004748441730914266,0.0034691830216437847
2024-06-13 04:00:00,-0.002365167167747373,-0.014278514774102136,-0.01723426765325209,0.0020133194445919322,0.0004499371061890134,0.007909742848011492,0.005034373800443026,0.00086427564297753
2024-06-14 04:00:00,0.0011853412401452434,-0.011054565821926543,0.0008418074084914906,0.0006083771678635497,-0.0007494034148552986,0.003747369359444974,0.0010223296135538629,-0.0038859686722946263
2024-06-17 04:00:00,0.00639357680866981,0.003982929196266971,-0.007148802236105034,0.00795898484764801,0.0076116795607685805,0.015153527526541755,-0.0035743374533602212,0.0034676793076380275
2024-06-18 04:00:00,0.009176485728797923,0.003967227372621895,0.0012705147600513556,0.0025406071200269054,0.0025305281572616245,0.0012548245093852994,0.0035871591707352657,0.00820733239045257
2024-06-20 04:00:00,-0.001632042995853733,0.0006373977610443227,-0.002961063708970979,-0.0027163963436835914,-0.0025241407480259825,-0.011235511163104728,-0.001736055887256116,0.002142260342048896
2024-06-21 04:00:00,-0.0035030554916638534,-0.007006416613091426,-0.007353891529115031,-0.0013406532882335176,-0.0015256597649820902,-0.0017482335514854563,0.00010240345697187792,-0.008123118598596712
2024-06-24 04:00:00,0.0,0.007953893943649426,0.007123485396645535,-0.0032507867279550906,-0.0016772628582467641,-0.024516451405257267,0.0008181709177856877,0.00818964404848277
2024-06-25 04:00:00,-0.002343549715544957,0.0024182348430936695,0.013721893342788727,0.003851024836005301,0.0032853425160661587,0.018343689086593118,-0.00010222826015193753,-0.009405675583090578
2024-06-26 04:00:00,-0.0021142313686436376,-0.007364161414955883,-0.0023724009715083705,0.001248141556011939,-3.71719531974124e-05,-0.0011478878551961502,-0.004497450148703841,0.0017263131204914295
2024-06-27 04:00:00,0.0007062369378354472,0.0007674001150803633,0.0032173772795123234,0.0015763881296404492,0.0024186836174004966,0.00048623165114469735,0.0016428027466470763,0.005170187428167106
2024-06-28 04:00:00,0.0018819693845995022,0.001150415178403419,0.008226376519706147,-0.0039351622921779406,-0.003419846521944825,-0.0005302445026857949,-0.004920568853637564,-0.004286357108870598
2024-07-01 04:00:00,0.0023478606260822765,0.0017872699542771375,-0.006776370671328413,0.002058113778742765,0.00201848955324202,0.0075587554793314915,-0.00536334413230688,0.01291442717333302
2024-07-02 04:00:00,0.003045305668671894,0.0024213165737636544,0.014619894697882607,0.006729729803014894,0.005782628980702587,0.005001276495009588,0.00332480167590421,0.0012749258854869439
2024-07-03 04:00:00,0.014712760592351382,0.011441545459049962,0.010155044267034397,0.0044626679560688665,0.004117136694150814,0.0134887545169744,0.005384541058138126,0.005517814807866062
2024-07-05 04:00:00,0.00414264438234313,0.006661705501586068,0.0063850452685789705,0.005766364101352783,0.005208623275247515,0.003058178323024796,0.00504695649456588,0.0037991153010079604
2024-07-08 04:00:00,0.00022920730547171253,-0.004994379826042561,-0.004184806731207469,0.001153970272046223,0.0013595942848341203,0.006827468471482412,0.0003074390617645584,-0.01345674754458892
2024-07-09 04:00:00,0.004124697178800707,-0.004015539679546709,0.004202392933442489,0.0009725540044869252,-0.0002567337473118325,-0.0008103100058859392,-0.0009220337161123249,-0.006820150820097015
2024-07-10 04:00:00,0.005705159704724627,0.014111101086215827,0.01714359493502693,0.009895225846729971,0.00969073739404891,0.014512494962962474,0.0010255354104220515,0.0
2024-07-11 04:00:00,0.005899714362141983,0.0028575642296215786,-0.0025214956684130874,-0.00862268813257483,-0.004471701983936316,-0.025033647340762855,0.005121938210570498,0.0034335354610537383
2024-07-12 04:00:00,0.004060408219697109,0.010654051621651783,0.0062531621536972,0.006307582473891182,0.006609999453030868,0.00893288912134671,0.0027516428165994533,-0.003849402545122671
2024-07-15 04:00:00,-0.010559408459780206,-0.008825670935556418,-0.004760028895169022,0.00275019895372286,0.004280942721972547,0.0017963583561071417,-0.0034556512179658716,-0.007299287074666427
2024-07-16 04:00:00,0.0056766599240476445,0.004823159120926679,0.01262129065044304,0.0059300227687857365,0.00823637741895289,-0.003330224277055982,0.004079645431527279,-0.00259515668661503
2024-07-17 04:00:00,-0.016256476950547327,-0.00529237255508308,-0.0038047605041594545,-0.014021081088038456,-0.014116757463206064,-0.038896516850750684,0.0007108044360872867,0.0
2024-07-18 04:00:00,-0.00941017324351967,-0.009898537313327127,-0.013169958340926047,-0.007684891354912127,-0.008722198384652824,8.92149088027594e-05,-0.002740551720786244,-0.007372090158156541
2024-07-19 04:00:00,-0.009731179229605202,-0.006123477139981848,-0.005071361560143095,-0.006640594820703893,-0.0062325668736619155,-0.01564313938739803,-0.002035509803048008,-0.013543022611788746
2024-07-22 04:00:00,0.008422924396801923,0.010562107625738504,0.005231323918258202,0.010310019994918207,0.010440517790742732,0.02367906307076595,-0.00040806124012893186,0.002657219802253641
2024-07-23 04:00:00,-0.0088166230605633,-0.00559915047637527,-0.000533761747095407,-0.0015687400169448473,-0.0007302576695621399,-0.0039805188818728965,-0.0001018957281024857,-0.009275577569324733
2024-07-24 04:00:00,-0.014513201372576057,-0.012637527773590063,-0.018958609771516977,-0.022662421157437884,-0.022507247107912964,-0.041385427934435004,-0.003061214453188854,-0.0004459062749438969
2024-07-25 04:00:00,-0.004037947715653467,-0.006336330108931421,-0.01537834840093566,-0.005210308325621638,-0.003850060742535688,-0.010700311835466936,0.002763552835753025,0.002230167518863846
2024-07-26 04:00:00,0.010255232249079427,0.012753470416455803,0.012577807098719918,0.011199572285922166,0.011970076831631982,0.012688911318383678,0.003572483601923082,-0.010235889070234316
2024-07-29 04:00:00,-0.0033050169573166643,-0.004407649755646115,0.003412485836324697,0.0005879080387343194,7.404875630667718e-05,-0.004438610893787054,0.0016273608122743255,-0.0044964348868853365
2024-07-30 04:00:00,-0.004500286384366725,0.00227677086281064,-0.00013611522106093954,-0.005066610598453147,-0.004152593588469533,-0.025125407637150543,0.0010153778070307595,-0.0031616845934666626
2024-07-31 04:00:00,0.021889169656131857,0.01413435010711428,0.032108929742350245,0.016254634916686772,0.014818198393009352,0.042351454502516095,0.005376460429292962,0.023108347484961156
2024-08-01 04:00:00,-0.01746217224784108,-0.02650568669822173,-0.04640138619030554,-0.014160826586447128,-0.015665770661393852,-0.037294292611235624,0.004190189080667928,-0.011957533600310155
2024-08-02 04:00:00,-0.014218088766628889,-0.015722931911812288,-0.04561787937691364,-0.018618532547966637,-0.020126610878363094,-0.028104874806835434,0.011187122646969305,-0.018377432242314362
2024-08-05 04:00:00,-0.028365346150769022,-0.021818195331004042,-0.018684842635963927,-0.02912365987795984,-0.029364937114530365,-0.03331382601998889,-0.000797406344990037,-0.0018264236939665723
2024-08-06 04:00:00,0.005690335498795163,0.0017259378999123776,-0.005461240872327355,0.009219593377574054,0.01014973796716201,0.0135928057900776,-0.005985123893046729,-0.008234221028848854
2024-08-07 04:00:00,0.006150063730760547,0.004771411545315463,0.01662218793114678,-0.006683938581962812,-0.007642446874216113,-0.016202182190552916,-0.0030104620789753733,0.00922506506421894
2024-08-08 04:00:00,0.02273834139075981,0.016752432981189225,0.02116779819539083,0.023117248752672737,0.023416791933480008,0.03734663622151424,-0.0015098554458495839,0.009140832959597667
2024-08-09 04:00:00,0.005498433476902376,0.003891958618744029,-0.0004287959727694579,0.0044097015524113825,0.004316364337125567,0.00449421903709557,0.003528243896102401,0.005887577141255207
2024-08-12 04:00:00,0.003328590676496823,-0.0009045563616266739,0.005434852382653732,0.0005253982969928295,-0.0006465591763989975,0.008169941343953546,0.0017076367887725041,0.013957758631451656
2024-08-13 04:00:00,0.01113742320167499,0.01720343156353854,0.027311482620826277,0.016445516384800962,0.016631754982729285,0.03072693670778559,0.004011342405562113,-0.009325092618820974
2024-08-14 04:00:00,-0.005390282527786616,0.003687699633619701,0.0005538646497948996,0.0031548868122548424,0.002845194251048788,0.005475513548775401,0.001797829183412425,-0.006275185621395285
2024-08-15 04:00:00,0.011074533070912551,0.0121627117621117,0.018682503988638022,0.017140199822825997,0.0173211589760498,0.028764218108527917,-0.004187537405554997,0.008119083148713235
2024-08-16 04:00:00,0.011652300474152222,0.005507629340039788,0.005841639397377696,0.00224196912733321,0.0023853253131156382,0.0016739884142764616,0.002402997252297867,-0.006264044567570237
2024-08-19 04:00:00,0.009675226298586193,0.012199594973793415,0.014316466261710792,0.009561491446388404,0.009444475531796837,0.01648606263678487,0.0010985859757208782,-0.005402883697014471
2024-08-20 04:00:00,-0.0077572221092820914,-0.0030746992709572707,-0.0042608939458747,-0.0016260708627346965,-0.0024298062491878714,-0.0035103557402658137,0.0029929628241558426,-0.004074288759428835
2024-08-21 04:00:00,0.003908888922584675,0.009252451208376922,0.011232979628330364,0.0034365326067524737,0.005016756879933526,0.00588609009142349,0.001890082640872759,-0.0050000173519755275
2024-08-22 04:00:00,-0.01236833412200622,-0.005867176161047261,-0.0074055699521764495,-0.007848534947103691,-0.008464143962571335,-0.023007461272897323,-0.004070600451691275,-0.0009135372302904177
2024-08-23 04:00:00,0.016697664066867235,0.01832033094521468,0.024647093767352413,0.010625404799875504,0.012658723091950153,0.01619860519704952,0.004585706516353483,0.017832607261696554
2024-08-26 04:00:00,-0.008439780678783704,-0.004467546767310426,-0.013522333825585653,-0.002383945426392531,-0.002521612393103778,-0.012546911205557842,-0.0008931164142774728,0.010332363374906173
2024-08-27 04:00:00,0.001380216369239351,0.004608965323442682,0.009489839891271945,0.0013731378507129133,0.0009027650476887139,0.0060593059467823895,0.00029799767313032355,-0.004891079695859557
2024-08-28 04:00:00,-0.006202635772661891,-0.0035011550543935233,-0.004308541830936763,-0.00580517669033398,-0.006097925768926649,-0.013798454026604623,-0.0008936484790770249,-0.012064303691192158
2024-08-29 04:00:00,0.000462335401737235,0.0037557441495565946,0.00039331594259905955,8.939046627509661e-05,0.000980208646489622,-0.00902378500281742,-0.0012920410428325368,0.011307181209596617
2024-08-30 04:00:00,0.002079458231265763,0.001569072269452576,0.006029589141363534,0.009546048472447888,0.009647405611081128,0.013291139374442151,-0.0023881753808651096,-0.01118075834888499
2024-09-03 04:00:00,-0.01982937334990753,-0.01578692258363279,-0.012898981971350643,-0.02057901860671374,-0.02151718494235444,-0.045931118845727426,0.004222468567590898,-0.01990047535960493
2024-09-04 04:00:00,-0.00023524617307491003,-0.0044080198463158915,-0.009767764446796057,-0.002046891572891285,-0.0022394944358847813,-0.002568904457505794,0.004384275881709865,-0.007383513222733118
2024-09-05 04:00:00,0.0014118091611519112,0.00024604822488139,0.010530579766758974,-0.00243209769544539,-0.003090780522719161,-0.0015262046998737455,0.0025793855123477094,0.002324516777273855
2024-09-06 04:00:00,-0.018327097094021583,-0.01881221125921928,-0.03561529649147899,-0.01683010051088929,-0.01660890097776835,-0.02593744271555809,0.0012864523983084908,-0.013450762652846504
2024-09-09 04:00:00,0.008377291956906507,0.010024961861400117,0.021200906260469,0.011196213722451054,0.010696737841380033,0.016378896265611287,0.0014822879318312498,0.002820780943150858
2024-09-10 04:00:00,-0.0037977959764006197,-0.004962777727831935,-0.005625568970201167,0.004355694776616792,0.0038989417730257436,0.01495715410896592,0.0030589797548210562,-0.014533511323916337
2024-09-11 04:00:00,0.007386183091569798,0.0059850549603135406,0.005657395036168689,0.010258876764367209,0.009950660510316789,0.03413185262128038,-0.0002950079008661177,0.00903899827948762
2024-09-12 04:00:00,0.0082782227088527,0.008180406018211572,0.0076346044994393125,0.008423280865452298,0.008313910392489632,0.008274438699520825,-0.000885748489927618,0.01933052850709216
2024-09-13 04:00:00,0.00469149707784644,0.0023358830387072427,-0.005848746051435483,0.005222725113756654,0.006974233252453388,0.005015065405566066,0.002068346700815571,0.001850170482583513
2024-09-16 04:00:00,0.0032687490258103136,0.008095215556396695,0.008022484270612473,0.001476936785746119,0.001983919204262552,-0.0038105962630604617,0.0023590559392470123,0.007386829174311105
2024-09-17 04:00:00,0.0011635487940311329,-0.00559672984322912,-0.008621830261540286,0.0004086456412846218,0.0010080801742160528,-0.001958055809968995,-0.0009807164519823885,0.006874384045263415
2024-09-18 04:00:00,-0.003486769904294862,-0.0031812431459117274,-0.003746330469150183,-0.0029658202997837613,-0.0025175515929604098,-0.009125404876638155,-0.003140957248591425,-0.0063722984262216675
2024-09-19 04:00:00,0.021227000260054307,0.01976185985443224,0.024576941256287066,0.0170643557287935,0.016946080823650567,0.029700185763884113,9.850042763415168e-05,0.01786537691610346
2024-09-20 04:00:00,-0.002055797873655396,-0.009869983258056991,-0.0018350570657000853,-0.0017285755475674458,-0.002091771560276512,-0.00487429004056017,-0.0008861073032498945,0.0
2024-09-23 04:00:00,0.0077821688802564015,0.003768528173804686,0.005252804290206914,0.0024988247405808295,0.0024871598933395855,-0.0001845841239730417,-0.00039423493121126807,0.0004500301105139215
2024-09-24 04:00:00,0.03406760731194547,0.005934366257599244,-0.007838135862908602,0.0028612506908902713,0.002516268146500522,0.006844040775390914,0.0013801729295530585,0.016644166244811798
2024-09-25 04:00:00,-0.010542490992790143,-0.005417815124297842,-0.0011848659936837258,-0.002205401211637481,-0.0032877348109636717,0.0028621922426113056,-0.003839214328511198,-0.008407068316964583
2024-09-26 04:00:00,0.036626006025389124,0.022031299995076026,0.026232423334815458,0.003964639036064588,0.004469046944723054,0.01324415187020711,0.00019756596557640727,-0.008924650608679197
2024-09-27 04:00:00,-0.001927172467275029,-0.006040587317029056,-0.024534253453158072,-0.0014503466374615748,-0.0009884248840617005,-0.009330169236248742,0.0028653819760624533,0.00495274139016888
2024-09-30 04:00:00,-0.01609097446003893,-0.0034556803921377277,0.008032652758429126,0.004007278926261737,0.003935498734516152,0.0029319405629411044,-0.0022659978707000317,-0.0022400693633854996
2024-10-01 04:00:00,0.007195786010480543,-0.0074134947408952545,0.0020900415157556473,-0.008958497576024071,-0.009111352853723553,-0.024362112600653796,0.0026445637880925243,0.0175123099244634
2024-10-02 04:00:00,0.0197012666149734,-0.0020480663967027413,-0.007169804202092567,0.0004221591648074785,0.00021385303380028198,0.0074004140250230055,-0.002074606008910296,0.008384896422362953
2024-10-03 04:00:00,-0.011889558868317995,-0.009294958954141563,-0.003019991363324648,-0.0018281885050124291,-0.002137963628234485,0.0041461302531298205,-0.004058491187009294,0.0144419740324786
2024-10-04 04:00:00,0.009239320916163862,0.005848682800195126,0.011589653025857682,0.00908726157486206,0.00967716029553456,0.011130559284165509,-0.006460663382024112,0.002588439281106858
2024-10-07 04:00:00,0.008303185741238561,-0.0055724160207686335,-0.011977638758839837,-0.00904037487378262,-0.009124563868361135,-0.0068799616055246204,-0.003401389579477443,0.013769339507601508
2024-10-08 04:00:00,-0.024704431738360122,-0.0015835990014565482,0.0043483851455394795,0.009457558847675962,0.008423422672598324,0.018682329571780842,0.0017065778411118337,-0.02334464702972827
2024-10-09 04:00:00,-0.005412429423131471,0.00024400252456757698,-0.005641502926594377,0.006926405441844974,0.006972665021732327,0.01118813670981278,-0.002605595086726642,-0.008691934725616912
2024-10-10 04:00:00,0.001959054320799458,-0.001219809341469924,0.0,-0.001750022536475826,-0.0020737513809347963,-0.0002602813110846869,-0.0006026441780183633,0.019728242410405272
2024-10-11 04:00:00,0.0071692948687696045,0.005129531750659666,-0.00039585715121503995,0.0059882065403507045,0.0077487653431884684,0.0017359927479696502,0.0003013463863774657,0.0008599031604787921
2024-10-14 04:00:00,-0.00409840592166566,0.002916121706595609,0.003563818812142072,0.008178386498286061,0.007794311947727506,0.013041129737274115,-0.0009043962311342524,-0.01546392286421494
2024-10-15 04:00:00,-0.021225900882110404,-0.0165980355938411,-0.018413732385406556,-0.007769766324635219,-0.006867010136157425,-0.02198281427902027,0.004023658592784862,-0.019197272850475455
2024-10-16 04:00:00,0.00774514865941911,0.0025871524040939065,0.005359789200289233,0.004346500392314434,0.0050986157604755444,0.0031048406966456277,0.001302536671932808,-0.002669040259133615
2024-10-17 04:00:00,-0.0015370733663133684,0.00012287077444028682,-0.0062642034232403,8.576054306153047e-05,-0.00020847363673137664,0.0030515125541250576,-0.004902969871405483,0.0013381363574569427
2024-10-18 04:00:00,0.009896519288252525,0.006757632444693185,0.0050966321708689755,0.0038465526321536103,0.003926912031404939,0.0035638511124973515,0.0007038865922355253,-0.005345213574512009
2024-10-21 04:00:00,-0.006968607266061078,-0.011837954484215985,-0.017347205149556566,-0.0016421907154073878,-0.003149979612711684,0.004677196835392916,-0.006933228073705555,0.00313478241739773
2024-10-22 04:00:00,-0.0021929664126254522,-0.005681057367008191,-0.013851151689809216,-0.0005310720287751147,-0.001146021267432129,-0.0010346336639845966,0.0002023834031985583,0.01741076590058732
2024-10-23 04:00:00,-0.0059340821043910585,-0.010060944684879614,-0.0207932508515557,-0.009137376019982102,-0.00903877007103937,-0.01432572530087095,-0.002529161863508267,-0.0057043316475001715
2024-10-24 04:00:00,-0.001547608316930238,0.005646220021133352,0.006047012976695854,0.0021625517536818517,0.0026662194405195905,0.0029331010856517015,0.0019270876173822504,-0.00044129167145112724
2024-10-25 04:00:00,-0.0008857674386323344,-0.0033687115262152068,-0.0013977690213193839,-0.0003452786014435105,-0.0009446752265048763,0.005194184635710863,-0.002024574141301305,0.007063961342920866
2024-10-28 04:00:00,0.004432591644980111,0.008011976820082145,0.006438932343711512,0.0030915017911679055,0.004062458305895911,-0.00030396535167298566,-0.0016230086085362583,-0.02674256613633541
2024-10-29 04:00:00,-0.00308906998194336,-0.003601502260267009,0.009318441764528451,0.0016182398537725184,0.0013253838876698953,0.013465396735542035,0.0011176721116035182,-0.001801832621886268
2024-10-30 04:00:00,-0.009738785088534763,-0.006481440872828648,0.002204880381213803,-0.0030251534775486144,-0.0024731367837599327,-0.01590094946614251,-0.0010148156410307863,0.012635414247941235
2024-10-31 04:00:00,-0.006481925433580837,-0.006147291876449135,-0.003574928366304908,-0.019603069196068024,-0.01864724363915715,-0.032097836508038435,-0.00020318521250628496,0.006684449604871023
2024-11-01 04:00:00,0.000899915785615546,0.002019730492395455,-0.0023457777655334633,0.004220470345176475,0.004270103068890085,0.007514358877909855,-0.003975205889130473,-0.010624174238876516
2024-11-04 05:00:00,0.005619242277683512,0.0007558966318419458,0.001659648357054122,-0.0021540202461768354,-0.0018070692330678373,-0.0007592062735342076,0.004195667822640248,0.01700221404907576
2024-11-05 05:00:00,0.013634239409863635,0.00994461853570594,0.016155775385429783,0.012091894126530889,0.012707609810519438,0.014078809003884807,0.002343905134905011,0.00615932244889672
2024-11-06 05:00:00,-0.012348362336327301,-0.01445846540739859,0.0014947986475200015,0.024865593974724653,0.027970611457939,0.028472001036498717,-0.007828571632584658,-0.010931340474415019
2024-11-07 05:00:00,0.022103063448063454,0.01517632324959206,0.009769361299733825,0.007732038047127077,0.006989876705002951,0.0174415804685375,0.007583037984279173,0.010168011343050454
2024-11-08 05:00:00,-0.02468319850543721,-0.013828220348225284,-0.009540497409819992,0.0043317374770937,0.004672755733688749,-0.0010951269494736682,0.0017287584842733406,-0.015317306469757264
2024-11-11 05:00:00,-0.007614760484597971,0.00025263323252433523,0.0023063156282385755,0.0009528089020014452,0.0027974269801764873,-0.005523665233129749,-0.002233533021896772,-0.0160000950116983
2024-11-12 05:00:00,-0.018957328960542696,-0.01856531776427417,-0.01705457260029386,-0.0031062224676552397,-0.00393227832377252,0.0012719146915460833,-0.005799921756162063,-0.00541996591115923
2024-11-13 05:00:00,-0.006441336922532459,-0.00591938266935077,-0.008399885127225892,0.000485717937419361,-0.00047240519241409373,-0.0034723320803883295,-0.00020445783572276,-0.0031789142000658854
2024-11-14 05:00:00,-0.005556747596625167,0.0020712367285431466,-0.0006944304144617108,-0.006430169669833119,-0.007392896550787342,-0.003399462511347373,-0.00040947859060425085,-0.0009112230737241545
2024-11-15 05:00:00,0.0,-0.0036172222055165237,-0.004168940207157634,-0.012808575932076294,-0.01268538396258001,-0.024815512608596713,0.00010245154070087636,-0.005015977209915201
2024-11-18 05:00:00,0.011408521659997284,0.005445430740078638,0.005581821376316576,0.00409729395294689,0.00406460442520884,0.0032354413340531796,0.0009214899658518405,0.02291473625696394
2024-11-19 05:00:00,-0.0006905402063973609,-0.0012895899219724782,-0.0018039228825652565,0.003655514780908309,0.0045970806140220866,0.008193536987455952,0.001432135772762022,0.003136187125591716
2024-11-20 05:00:00,-0.0011517552091701022,-0.002711416065122707,-0.007368267038761145,0.0003388093639582479,0.0005805170788271141,-0.0008645112569465319,-0.0010214456553124807,-0.00044661321007755106
2024-11-21 05:00:00,-0.0020757109345735936,0.0002590132246926835,0.005322088504364775,0.005368351193856924,0.006996556772155049,0.010167359640298024,-0.0005113647381613795,0.007149363303035283
2024-11-22 05:00:00,0.0002311142747128958,0.0038828910762571667,0.006965693109751037,0.003099434784606059,0.004948448026040664,0.0005139827168554323,0.0007161811020006681,0.0008871928853424471
2024-11-25 05:00:00,0.0006931826197409396,0.0051573960499282645,0.004703995285833873,0.0033920773549593886,0.0048900951275507865,-4.286450791191054e-05,0.008997078684047644,-0.014184373792969218
2024-11-26 05:00:00,-0.004156035570906713,-0.005772238518537476,-0.0037180203734004103,0.0052214111471931,0.0036582306425847477,0.005008807919707703,-0.0015198669165592538,0.0
2024-11-27 05:00:00,0.0013910068430593725,0.005418634135040401,-0.0024879660778377444,-0.0030300789794227567,-0.0028423167604122446,-0.013545690765793261,0.0027399406095420797,-0.0053955953873512374
2024-11-29 05:00:00,0.0016207966369052862,0.013345365858596026,0.02494117879170421,0.006212128780890502,0.005566692489333613,0.009283958870893283,0.003946965533314417,0.0009040383254848017
2024-12-02 05:00:00,0.003929761245371699,0.0027858475653310677,0.011085552208301763,0.0017924360483223545,0.001900927389860474,0.009498182481336714,0.00012138275648987396,-0.00722668171401053
2024-12-03 05:00:00,0.0020722760881615176,0.00568248512557834,0.013638171525442333,0.0004637158855407275,0.0,0.003602458161663602,-0.0019212015544544103,0.011373965612559322
2024-12-04 05:00:00,0.0025275639237825054,0.0007534289074910827,-0.006331533408645784,0.0062096108555036444,0.006723712755889899,0.01828546467522485,0.0032418699291107966,-0.005398112856765502
2024-12-05 05:00:00,0.006646745131789755,0.004893358341395038,-0.0018585454981019378,-0.001645650257269371,-0.002777350569478254,-0.005059497334244378,0.00020196213559509069,-0.0013568072220563332
2024-12-06 05:00:00,-0.0015937688539675587,-0.00012484983982430364,0.0006649580781032949,0.0018956173189883518,0.002785085728913561,0.0038764454025683737,0.0028267418956575696,-0.007699293330591717
2024-12-09 05:00:00,0.020524542527388556,-0.0006244237165899946,-0.008107385653793542,-0.005149674771211976,-0.006381273012108335,-0.006518776685840777,-0.0029194108831365195,0.009584714049596155
2024-12-10 05:00:00,-0.01608937164420099,-0.008996604591773094,-0.007235767265904025,-0.003109029034365385,-0.0037600745492363252,-0.013875609414303214,-0.0012115718662408792,0.0022603228905542228
2024-12-11 05:00:00,0.004088074112884366,0.006304373453707379,0.012147473839737355,0.007730578659771448,0.008049626277979893,0.014494578046425177,-0.002325186360144005,0.012629715106629247
2024-12-12 05:00:00,-0.004976143239361797,-0.008770828258351515,-0.008934574142642204,-0.005152540727580535,-0.005699107523610025,-0.00559803354688182,-0.004053079505672463,-0.004008865433089315
2024-12-13 05:00:00,0.0009092379314556975,-0.002780917595276544,-0.011706089228044725,-0.00019850518380071236,-0.0004999419481700462,0.004285212847803921,-0.0037644685580922044,-0.0004473022186026743
2024-12-16 05:00:00,-0.00545082421801113,-0.0032957664384695162,-0.00503742749736058,0.004269877917947307,0.004067709383829721,0.009997860803646397,0.0009191716809322514,-0.005369129688762908
2024-12-17 05:00:00,-0.0023918594042701136,-0.001585617440729603,-0.0034698124831502586,-0.004120024513639686,-0.00494768342783658,-0.006047012449395983,0.0,-0.006747595880312263
2024-12-18 05:00:00,-0.023277467907615423,-0.02453187826145542,-0.02395544773811842,-0.029803467860256894,-0.03093506061026119,-0.03225267036372503,-0.007615689829105321,-0.009058034974949503
2024-12-19 05:00:00,0.0033364964895872262,-0.0031767767500900934,0.003709967180975715,-0.0003071868629631602,-0.0014119093415604356,0.0010764376900604944,-0.002578652871621734,0.0
2024-12-20 05:00:00,0.0040380520143505905,-0.0027884622398144376,-0.0019903240963494717,0.012011112849670047,0.01138011282638618,0.01492543997222473,0.0026887611611736695,0.006398601437130669
2024-12-23 05:00:00,0.005677735064359313,0.00652460550899181,0.003846214874624776,0.005988285019376871,0.005681762826707626,0.010595320902805128,-0.003093968249398449,0.0007653482293381586
2024-12-24 05:00:00,0.0030581292224935996,0.003571957739672449,-0.0025542827026785453,0.011114989748490345,0.010612245238093676,0.01033309555622175,0.001137927753740886,0.0057361777627038535
2024-12-26 05:00:00,-0.0035177700123995015,0.004745591978052799,0.010100996944443219,6.658418643890052e-05,0.0005721547899797397,0.0006652369706530159,0.0007233273345854663,-0.0028517761730102453
2024-12-27 05:00:00,-0.004471697667701946,-0.0014431987482267372,0.00591546716824376,-0.010526523683762057,-0.010831142323268317,-0.013295132404526289,-0.0020652815702704164,0.004766462519143699
2024-12-30 05:00:00,-0.008037828811353842,-0.0065694389172293866,-0.006440760238953236,-0.011411602725516334,-0.011051799105383564,-0.012716335456584127,0.003932099826840396,0.009013308099871109
2024-12-31 05:00:00,-0.0033364964895874483,0.0,-0.002113888497945693,-0.003638031857652546,-0.0034729663060137916,-0.008316614832468816,-0.0012368859597700066,0.005171542107925919
